event,id,symbol,direction,status,openedAt,closedAt,entryPrice,exitPrice,entryRef,entryMexcBid,entryMexcAsk,entryMexcBookSpreadPct,exitRef,exitMexcBid,exitMexcAsk,exitMexcBookSpreadPct,qtyUsd,qtyToken,depositAtEntry,allocationPct,depositAfterClose,dexAnchorAtEntry,dexAnchorAtExit,dexSnapshotAtEntry,dexSnapshotAtExit,entrySpreadPct,exitSpreadPct,grossPnlPct,netPnlPct,grossPnlUsd,netPnlUsd,holdMs,openReason,closeReason
OPEN,9f8bbef7-0238-42d1-9dbd-13299bfca0db,CATE_USDT,LONG,OPEN,2026-08-21T17:03:25.740Z,,0.0458,,ASK,0.04564,0.0458,0.35,,,,,30,655.02183406,100,0.3,,0.04681,,1787331803922,,2.205,,,,,,,MEXC below DEX anchor,
CLOSE,9f8bbef7-0238-42d1-9dbd-13299bfca0db,CATE_USDT,LONG,CLOSED,2026-08-21T17:03:25.740Z,2026-08-21T17:04:33.461Z,0.0458,0.046009,ASK,0.04564,0.0458,0.35,BID,0.046009,0.046225,0.4683739185116137,30,655.02183406,100,0.3,100.1009,0.04681,0.04532,1787331803922,1787331871956,2.205,-1.9578,0.4563,0.3363,0.1369,0.1009,67721,MEXC below DEX anchor,mean_reverted_profit
OPEN,e17f4ed5-85a9-4c04-9847-58c8574b2557,CATE_USDT,SHORT,OPEN,2026-08-21T17:05:27.613Z,,0.046,,BID,0.046,0.046007,0.015,,,,,30.03,652.83195652,100.1009,0.3,,0.04515,,1787331925976,,1.848,,,,,,,MEXC above DEX anchor,
CLOSE,e17f4ed5-85a9-4c04-9847-58c8574b2557,CATE_USDT,SHORT,CLOSED,2026-08-21T17:05:27.613Z,2026-08-21T17:05:59.976Z,0.046,0.04577,BID,0.046,0.046007,0.015,ASK,0.045704,0.04577,0.14430329929815383,30.03,652.83195652,100.1009,0.3,100.215,0.04515,0.04576,1787331925976,1787331957985,1.848,-0.1225,0.5,0.38,0.1502,0.1141,32363,MEXC above DEX anchor,mean_reverted_profit
OPEN,0973a666-b7e9-40d8-846d-ada4341410e7,CATE_USDT,SHORT,OPEN,2026-08-21T17:08:40.256Z,,0.046055,,BID,0.046055,0.046141,0.187,,,,,30.06,652.79557051,100.215,0.3,,0.04509,,1787332120049,,2.095,,,,,,,MEXC above DEX anchor,
CLOSE,0973a666-b7e9-40d8-846d-ada4341410e7,CATE_USDT,SHORT,CLOSED,2026-08-21T17:08:40.256Z,2026-08-21T17:09:10.431Z,0.046055,0.045933,BID,0.046055,0.046141,0.187,ASK,0.045831,0.046007,0.38328360809251627,30.06,652.79557051,100.215,0.3,100.2586,0.04509,0.04509,1787332120049,1787332150063,2.095,1.6168,0.2651,0.1451,0.0797,0.0436,30175,MEXC above DEX anchor,trailing_stop
OPEN,44a9aa79-6604-480d-88f6-69bafb325a4b,CATE_USDT,SHORT,OPEN,2026-08-21T17:10:51.236Z,,0.045303,,BID,0.045303,0.045394,0.201,,,,,30.08,663.92027018,100.2586,0.3,,0.04461,,1787332250330,,1.53,,,,,,,MEXC above DEX anchor,
CLOSE,44a9aa79-6604-480d-88f6-69bafb325a4b,CATE_USDT,SHORT,CLOSED,2026-08-21T17:10:51.236Z,2026-08-21T17:11:29.401Z,0.045303,0.0452,BID,0.045303,0.045394,0.201,ASK,0.045111,0.0452,0.19709669918392841,30.08,663.92027018,100.2586,0.3,100.2909,0.04461,0.04506,1787332250330,1787332288110,1.53,0.1131,0.2274,0.1074,0.0684,0.0323,38165,MEXC above DEX anchor,mean_reverted_profit
OPEN,90503fed-c3e0-4b6d-97b9-7fc49b2dafd4,ANSEM_USDT,SHORT,OPEN,2026-08-21T17:12:48.118Z,,0.286,,BID,0.286,0.2868,0.279,,,,,30.09,105.20024476,100.2909,0.3,,0.2824,,1787332366143,,1.259,,,,,,,MEXC above DEX anchor,
CLOSE,90503fed-c3e0-4b6d-97b9-7fc49b2dafd4,ANSEM_USDT,SHORT,CLOSED,2026-08-21T17:12:48.118Z,2026-08-21T17:27:33.806Z,0.286,0.2824,BID,0.286,0.2868,0.279,ASK,0.2814,0.2824,0.3547357218871944,30.09,105.20024476,100.2909,0.3,100.6335,0.2824,0.281,1787332366143,1787333252553,1.259,0.1421,1.2587,1.1387,0.3788,0.3426,885688,MEXC above DEX anchor,mean_reverted_profit
OPEN,0a2e818a-474a-422e-8326-1ab5111c823a,CATE_USDT,SHORT,OPEN,2026-08-21T17:28:31.703Z,,0.044341,,BID,0.044341,0.044343,0.005,,,,,30.19,680.86082858,100.6335,0.3,,0.04364,,1787333310568,,1.581,,,,,,,MEXC above DEX anchor,
CLOSE,0a2e818a-474a-422e-8326-1ab5111c823a,CATE_USDT,SHORT,CLOSED,2026-08-21T17:28:31.703Z,2026-08-21T17:28:47.941Z,0.044341,0.044266,BID,0.044341,0.044343,0.005,ASK,0.044094,0.044233,0.3147395473637738,30.19,680.86082858,100.6335,0.3,100.6482,0.04364,0.04414,1787333310568,1787333326810,1.581,-0.1043,0.1686,0.0486,0.0509,0.0147,16238,MEXC above DEX anchor,trailing_stop
OPEN,8d1b0750-a184-4bb2-bd9e-9186199ef708,CATE_USDT,SHORT,OPEN,2026-08-21T17:30:28.825Z,,0.044763,,BID,0.044763,0.044809,0.103,,,,,30.19,674.54058039,100.6482,0.3,,0.04394,,1787333428624,,1.839,,,,,,,MEXC above DEX anchor,
OPEN,66060881-c9ac-446a-a414-25efd57b9f34,JIMOTHY_USDT,SHORT,OPEN,2026-08-21T17:30:52.948Z,,0.01049,,BID,0.01049,0.01051,0.19,,,,,30.19,2878.40419447,100.6482,0.3,,0.01035,,1787333452646,,1.335,,,,,,,MEXC above DEX anchor,
CLOSE,8d1b0750-a184-4bb2-bd9e-9186199ef708,CATE_USDT,SHORT,CLOSED,2026-08-21T17:30:28.825Z,2026-08-21T17:30:58.851Z,0.044763,0.044218,BID,0.044763,0.044809,0.103,ASK,0.044,0.044218,0.4942302024530208,30.19,674.54058039,100.6482,0.3,100.9795,0.04394,0.04415,1787333428624,1787333458673,1.839,-0.3409,1.2175,1.0975,0.3676,0.3313,30026,MEXC above DEX anchor,mean_reverted_profit
OPEN,3136356f-7ff5-4130-a348-473904539c51,CATE_USDT,SHORT,OPEN,2026-08-21T17:35:53.892Z,,0.045385,,BID,0.045385,0.045465,0.176,,,,,30.29,667.48595351,100.9795,0.3,,0.04465,,1787333752703,,1.619,,,,,,,MEXC above DEX anchor,
CLOSE,66060881-c9ac-446a-a414-25efd57b9f34,JIMOTHY_USDT,SHORT,CLOSED,2026-08-21T17:30:52.948Z,2026-08-21T17:37:55.886Z,0.01049,0.01069,BID,0.01049,0.01051,0.19,ASK,0.01066,0.01068,0.18744142455483526,30.19,2878.40419447,100.6482,0.3,100.3686,0.01035,0.01039,1787333452646,1787333874764,1.335,2.5328,-1.9035,-2.0235,-0.5747,-0.6109,422938,MEXC above DEX anchor,stop_loss
CLOSE,3136356f-7ff5-4130-a348-473904539c51,CATE_USDT,SHORT,CLOSED,2026-08-21T17:35:53.892Z,2026-08-21T17:39:39.491Z,0.045385,0.045046,BID,0.045385,0.045465,0.176,ASK,0.044894,0.045046,0.3380031131865674,30.29,667.48595351,100.9795,0.3,100.5585,0.04465,0.04483,1787333752703,1787333978822,1.619,0.1426,0.7469,0.6269,0.2262,0.1899,225599,MEXC above DEX anchor,mean_reverted_profit
OPEN,a8a8b4f1-b77e-45ba-83cd-f15a91499d3a,ANSEM_USDT,SHORT,OPEN,2026-08-21T17:42:06.183Z,,0.2862,,BID,0.2862,0.2872,0.349,,,,,30.17,105.4072327,100.5585,0.3,,0.2827,,1787334124877,,1.223,,,,,,,MEXC above DEX anchor,
CLOSE,a8a8b4f1-b77e-45ba-83cd-f15a91499d3a,ANSEM_USDT,SHORT,CLOSED,2026-08-21T17:42:06.183Z,2026-08-21T17:57:07.265Z,0.2862,0.2868,BID,0.2862,0.2872,0.349,ASK,0.2861,0.2868,0.24437074533076572,30.17,105.4072327,100.5585,0.3,100.459,0.2827,0.2829,1787334124877,1787335025263,1.223,1.1185,-0.2096,-0.3296,-0.0632,-0.0995,901082,MEXC above DEX anchor,timeout
OPEN,0ecb4be6-262e-452d-b76d-26c5e9a4d0b4,TOAD_USDT,SHORT,OPEN,2026-08-21T17:57:21.016Z,,0.006774,,BID,0.006774,0.006796,0.324,,,,,30.14,4449.02568645,100.459,0.3,,0.006652,,1787335039483,,1.801,,,,,,,MEXC above DEX anchor,
CLOSE,0ecb4be6-262e-452d-b76d-26c5e9a4d0b4,TOAD_USDT,SHORT,CLOSED,2026-08-21T17:57:21.016Z,2026-08-21T18:00:17.273Z,0.006774,0.006903,BID,0.006774,0.006796,0.324,ASK,0.0069,0.006943,0.6212526186520335,30.14,4449.02568645,100.459,0.3,99.8493,0.006652,0.006779,1787335039483,1787335215345,1.801,1.7536,-1.9028,-2.0228,-0.5735,-0.6097,176257,MEXC above DEX anchor,stop_loss
OPEN,46ce775d-e85d-49d2-b5dc-497679ae00c3,ANSEM_USDT,SHORT,OPEN,2026-08-21T18:00:41.352Z,,0.2861,,BID,0.2861,0.2868,0.244,,,,,29.95,104.70041943,99.8493,0.3,,0.2815,,1787335239376,,1.608,,,,,,,MEXC above DEX anchor,
OPEN,718594b8-6cb7-40e6-9963-eb2c6b7c3a19,CATE_USDT,SHORT,OPEN,2026-08-21T18:02:03.437Z,,0.048665,,BID,0.048665,0.048782,0.24,,,,,29.95,615.53046337,99.8493,0.3,,0.0478,,1787335323375,,1.777,,,,,,,MEXC above DEX anchor,
CLOSE,46ce775d-e85d-49d2-b5dc-497679ae00c3,ANSEM_USDT,SHORT,CLOSED,2026-08-21T18:00:41.352Z,2026-08-21T18:02:11.128Z,0.2861,0.282,BID,0.2861,0.2868,0.244,ASK,0.281,0.282,0.3552397868561085,29.95,104.70041943,99.8493,0.3,100.2426,0.2815,0.2807,1787335239376,1787335329378,1.608,0.1068,1.4331,1.3131,0.4292,0.3933,89776,MEXC above DEX anchor,mean_reverted_profit
CLOSE,718594b8-6cb7-40e6-9963-eb2c6b7c3a19,CATE_USDT,SHORT,CLOSED,2026-08-21T18:02:03.437Z,2026-08-21T18:02:19.742Z,0.048665,0.049591,BID,0.048665,0.048782,0.24,ASK,0.04955,0.049724,0.35054495638334415,29.95,615.53046337,99.8493,0.3,99.6371,0.0478,0.04913,1787335323375,1787335337947,1.777,0.8476,-1.9019,-2.0219,-0.5696,-0.6055,16305,MEXC above DEX anchor,stop_loss
OPEN,ea837152-a829-45ea-9df6-59189e8cee5a,JIMOTHY_USDT,LONG,OPEN,2026-08-21T18:04:42.858Z,,0.011443,,ASK,0.011414,0.011443,0.254,,,,,29.89,2612.1760028,99.6371,0.3,,0.01175,,1787335481431,,2.683,,,,,,,MEXC below DEX anchor,
CLOSE,ea837152-a829-45ea-9df6-59189e8cee5a,JIMOTHY_USDT,LONG,CLOSED,2026-08-21T18:04:42.858Z,2026-08-21T18:06:06.690Z,0.011443,0.011475,ASK,0.011414,0.011443,0.254,BID,0.011433,0.011516,0.7233430650572987,29.89,2612.1760028,99.6371,0.3,99.6835,0.01175,0.01194,1787335481431,1787335566553,2.683,3.6818,0.2754,0.1554,0.0823,0.0464,83832,MEXC below DEX anchor,trailing_stop
OPEN,85d1713d-0809-450d-b612-a25214a27a58,BEAT_USDT,SHORT,OPEN,2026-08-21T18:07:25.933Z,,0.1765,,BID,0.1765,0.1766,0.057,,,,,29.91,169.43371105,99.6835,0.3,,0.1741,,1787335645522,,1.36,,,,,,,MEXC above DEX anchor,
CLOSE,85d1713d-0809-450d-b612-a25214a27a58,BEAT_USDT,SHORT,CLOSED,2026-08-21T18:07:25.933Z,2026-08-21T18:08:47.369Z,0.1765,0.1759,BID,0.1765,0.1766,0.057,ASK,0.1758,0.1759,0.05686664771111117,29.91,169.43371105,99.6835,0.3,99.7493,0.1741,0.1754,1787335645522,1787335726457,1.36,0.2275,0.3399,0.2199,0.1017,0.0658,81436,MEXC above DEX anchor,mean_reverted_profit
OPEN,e67a9a15-eabb-46e0-a83a-56c79222d7b6,JIMOTHY_USDT,LONG,OPEN,2026-08-21T18:09:33.287Z,,0.0124,,ASK,0.012385,0.0124,0.121,,,,,29.92,2413.28951613,99.7493,0.3,,0.01277,,1787335771553,,2.984,,,,,,,MEXC below DEX anchor,
CLOSE,e67a9a15-eabb-46e0-a83a-56c79222d7b6,JIMOTHY_USDT,LONG,CLOSED,2026-08-21T18:09:33.287Z,2026-08-21T18:10:24.699Z,0.0124,0.012837,ASK,0.012385,0.0124,0.121,BID,0.012837,0.01293,0.7218535335894832,29.92,2413.28951613,99.7493,0.3,100.7678,0.01277,0.01275,1787335771553,1787335822763,2.984,-1.3921,3.5242,3.4042,1.0544,1.0185,51412,MEXC below DEX anchor,mean_reverted_profit
OPEN,739d27e7-25e5-44c8-b07c-39720159ef09,ANSEM_USDT,SHORT,OPEN,2026-08-21T18:11:54.053Z,,0.2832,,BID,0.2832,0.284,0.282,,,,,30.23,106.74555085,100.7678,0.3,,0.2796,,1787335913625,,1.271,,,,,,,MEXC above DEX anchor,
OPEN,13911269-f3ca-4b02-bab4-e568d23d501f,JIMOTHY_USDT,LONG,OPEN,2026-08-21T18:13:58.337Z,,0.013263,,ASK,0.01325,0.013263,0.098,,,,,30.23,2279.29880118,100.7678,0.3,,0.0135,,1787336037696,,1.787,,,,,,,MEXC below DEX anchor,
CLOSE,13911269-f3ca-4b02-bab4-e568d23d501f,JIMOTHY_USDT,LONG,CLOSED,2026-08-21T18:13:58.337Z,2026-08-21T18:14:57.759Z,0.013263,0.014158,ASK,0.01325,0.013263,0.098,BID,0.014158,0.014164,0.04236988913211681,30.23,2279.29880118,100.7678,0.3,102.7715,0.0135,0.01372,1787336037696,1787336095721,1.787,-3.1347,6.7481,6.6281,2.0399,2.0037,59422,MEXC below DEX anchor,mean_reverted_profit
CLOSE,739d27e7-25e5-44c8-b07c-39720159ef09,ANSEM_USDT,SHORT,CLOSED,2026-08-21T18:11:54.053Z,2026-08-21T18:17:26.618Z,0.2832,0.2808,BID,0.2832,0.284,0.282,ASK,0.2801,0.2808,0.249598858976637,30.23,106.74555085,100.7678,0.3,102.9914,0.2796,0.2796,1787335913625,1787336245786,1.271,0.1785,0.8475,0.7275,0.2562,0.2199,332565,MEXC above DEX anchor,mean_reverted_profit
OPEN,e16bf8c5-33a5-4fd0-b14c-7f78744f939d,JIMOTHY_USDT,LONG,OPEN,2026-08-21T18:18:42.190Z,,0.013704,,ASK,0.013703,0.013704,0.007,,,,,30.9,2254.62784588,102.9914,0.3,,0.01421,,1787336322039,,3.692,,,,,,,MEXC below DEX anchor,
CLOSE,e16bf8c5-33a5-4fd0-b14c-7f78744f939d,JIMOTHY_USDT,LONG,CLOSED,2026-08-21T18:18:42.190Z,2026-08-21T18:19:44.289Z,0.013704,0.014051,ASK,0.013703,0.013704,0.007,BID,0.014006,0.014081,0.5340549008438097,30.9,2254.62784588,102.9914,0.3,103.7366,0.01421,0.01436,1787336322039,1787336383851,3.692,1.9814,2.5316,2.4116,0.7823,0.7452,62099,MEXC below DEX anchor,trailing_stop
OPEN,237e090a-d90a-4ab4-98a2-633e5bed0b4e,ANSEM_USDT,SHORT,OPEN,2026-08-21T18:20:08.392Z,,0.2784,,BID,0.2784,0.279,0.215,,,,,31.12,111.78512931,103.7366,0.3,,0.274,,1787336407862,,1.58,,,,,,,MEXC above DEX anchor,
OPEN,ad49d78b-eb2e-497a-adb8-8e28d4fbfca7,JIMOTHY_USDT,LONG,OPEN,2026-08-21T18:20:08.440Z,,0.014127,,ASK,0.014081,0.014127,0.326,,,,,31.12,2202.94330006,103.7366,0.3,,0.0146,,1787336407863,,3.348,,,,,,,MEXC below DEX anchor,
CLOSE,ad49d78b-eb2e-497a-adb8-8e28d4fbfca7,JIMOTHY_USDT,LONG,CLOSED,2026-08-21T18:20:08.440Z,2026-08-21T18:20:32.720Z,0.014127,0.014206,ASK,0.014081,0.014127,0.326,BID,0.014081,0.014158,0.5453450901235928,31.12,2202.94330006,103.7366,0.3,103.8728,0.0146,0.01421,1787336407863,1787336431142,3.348,0.3673,0.5577,0.4377,0.1735,0.1362,24280,MEXC below DEX anchor,trailing_stop
OPEN,ce89ed1a-29e1-4eae-a7f0-e4427672ba33,JIMOTHY_USDT,LONG,OPEN,2026-08-21T18:23:19.821Z,,0.013584,,ASK,0.01355,0.013584,0.251,,,,,31.16,2294.01060071,103.8728,0.3,,0.01401,,1787336597944,,3.136,,,,,,,MEXC below DEX anchor,
CLOSE,ce89ed1a-29e1-4eae-a7f0-e4427672ba33,JIMOTHY_USDT,LONG,CLOSED,2026-08-21T18:23:19.821Z,2026-08-21T18:24:00.284Z,0.013584,0.013701,ASK,0.01355,0.013584,0.251,BID,0.01371,0.013776,0.4802444881030349,31.16,2294.01060071,103.8728,0.3,104.1044,0.01401,0.01426,1787336597944,1787336639961,3.136,3.5134,0.8634,0.7434,0.269,0.2316,40463,MEXC below DEX anchor,trailing_stop
OPEN,8c772244-6e12-46e8-b486-a4b332ac82a9,PENGU_USDT,SHORT,OPEN,2026-08-21T18:25:40.102Z,,0.008539,,BID,0.008539,0.00854,0.012,,,,,31.23,3657.49150954,104.1044,0.3,,0.008428,,1787336739991,,1.3,,,,,,,MEXC above DEX anchor,
CLOSE,8c772244-6e12-46e8-b486-a4b332ac82a9,PENGU_USDT,SHORT,CLOSED,2026-08-21T18:25:40.102Z,2026-08-21T18:26:15.127Z,0.008539,0.008524,BID,0.008539,0.00854,0.012,ASK,0.008522,0.008524,0.02346591575736555,31.23,3657.49150954,104.1044,0.3,104.1218,0.008428,0.008531,1787336739991,1787336774006,1.3,-0.1056,0.1757,0.0557,0.0549,0.0174,35025,MEXC above DEX anchor,mean_reverted_profit
OPEN,d118ee44-7bdb-4700-9bb0-d74f69ee7308,B3_USDT,LONG,OPEN,2026-08-21T18:28:20.790Z,,0.000541,,ASK,0.000541,0.000541,0.055,,,,,31.24,57738.52125693,104.1218,0.3,,0.000548,,1787336900105,,1.239,,,,,,,MEXC below DEX anchor,
CLOSE,d118ee44-7bdb-4700-9bb0-d74f69ee7308,B3_USDT,LONG,CLOSED,2026-08-21T18:28:20.790Z,2026-08-21T18:32:58.011Z,0.000541,0.000543,ASK,0.000541,0.000541,0.055,BID,0.0005425,0.0005431,0.11053795136330409,31.24,57738.52125693,104.1218,0.3,104.1709,0.000548,0.0005428,1787336900105,1787337177397,1.239,-0.0552,0.2773,0.1573,0.0866,0.0491,277221,MEXC below DEX anchor,mean_reverted_profit
OPEN,9801bfed-7500-4c9e-9359-421db2ed091e,CATE_USDT,SHORT,OPEN,2026-08-21T18:33:14.509Z,,0.048335,,BID,0.048335,0.04834,0.01,,,,,31.25,646.55570498,104.1709,0.3,,0.04724,,1787337194194,,2.265,,,,,,,MEXC above DEX anchor,
CLOSE,9801bfed-7500-4c9e-9359-421db2ed091e,CATE_USDT,SHORT,CLOSED,2026-08-21T18:33:14.509Z,2026-08-21T18:33:46.705Z,0.048335,0.047506,BID,0.048335,0.04834,0.01,ASK,0.047388,0.047506,0.2486985478533944,31.25,646.55570498,104.1709,0.3,104.6694,0.04724,0.0474,1787337194194,1787337226189,2.265,-0.0253,1.7151,1.5951,0.536,0.4985,32196,MEXC above DEX anchor,mean_reverted_profit
CLOSE,237e090a-d90a-4ab4-98a2-633e5bed0b4e,ANSEM_USDT,SHORT,CLOSED,2026-08-21T18:20:08.392Z,2026-08-21T18:35:09.640Z,0.2784,0.2772,BID,0.2784,0.279,0.215,ASK,0.2767,0.2772,0.1805380032496842,31.12,111.78512931,103.7366,0.3,104.7662,0.274,0.2724,1787336407862,1787337308235,1.58,1.554,0.431,0.311,0.1341,0.0968,901248,MEXC above DEX anchor,timeout
OPEN,e6d8dac6-2545-48d1-801c-81b424d607ce,JIMOTHY_USDT,LONG,OPEN,2026-08-21T18:35:23.058Z,,0.013096,,ASK,0.01308,0.013096,0.122,,,,,31.43,2399.95876604,104.7662,0.3,,0.01334,,1787337322242,,1.863,,,,,,,MEXC below DEX anchor,
CLOSE,e6d8dac6-2545-48d1-801c-81b424d607ce,JIMOTHY_USDT,LONG,CLOSED,2026-08-21T18:35:23.058Z,2026-08-21T18:37:13.238Z,0.013096,0.012847,ASK,0.01308,0.013096,0.122,BID,0.0128,0.012824,0.18732438339056912,31.43,2399.95876604,104.7662,0.3,104.1312,0.01334,0.01317,1787337322242,1787337432493,1.863,2.6981,-1.9003,-2.0203,-0.5973,-0.635,110180,MEXC below DEX anchor,stop_loss
OPEN,4ac7ef02-f7bb-4da7-ba73-e3267f02f365,CATE_USDT,SHORT,OPEN,2026-08-21T18:37:32.426Z,,0.048004,,BID,0.048004,0.04808,0.158,,,,,31.24,650.76576952,104.1312,0.3,,0.04719,,1787337452271,,1.696,,,,,,,MEXC above DEX anchor,
CLOSE,4ac7ef02-f7bb-4da7-ba73-e3267f02f365,CATE_USDT,SHORT,CLOSED,2026-08-21T18:37:32.426Z,2026-08-21T18:39:25.297Z,0.048004,0.0478,BID,0.048004,0.04808,0.158,ASK,0.047687,0.0478,0.23668143307466355,31.24,650.76576952,104.1312,0.3,104.2265,0.04719,0.04796,1787337452271,1787337564332,1.696,-0.5725,0.425,0.305,0.1328,0.0953,112871,MEXC above DEX anchor,mean_reverted_profit
OPEN,d7d7163d-2b60-4bcc-8ac1-1bcdf4d29060,ANSEM_USDT,SHORT,OPEN,2026-08-21T18:39:51.786Z,,0.2751,,BID,0.2751,0.276,0.327,,,,,31.27,113.66030534,104.2265,0.3,,0.2716,,1787337590341,,1.272,,,,,,,MEXC above DEX anchor,
CLOSE,d7d7163d-2b60-4bcc-8ac1-1bcdf4d29060,ANSEM_USDT,SHORT,CLOSED,2026-08-21T18:39:51.786Z,2026-08-21T18:49:42.750Z,0.2751,0.27349,BID,0.2751,0.276,0.327,ASK,0.2724,0.2734,0.36643459142543094,31.27,113.66030534,104.2265,0.3,104.372,0.2716,0.2678,1787337590341,1787338182602,1.272,1.6887,0.5852,0.4652,0.183,0.1455,590964,MEXC above DEX anchor,trailing_stop
OPEN,62e43aa9-11b0-4981-a035-e00cbb56c5c5,ANSEM_USDT,SHORT,OPEN,2026-08-21T18:51:19.967Z,,0.2724,,BID,0.2724,0.2733,0.33,,,,,31.31,114.94713656,104.372,0.3,,0.267,,1787338278658,,1.982,,,,,,,MEXC above DEX anchor,
OPEN,fe5cd403-dd65-4f65-8a3f-bd92dc590df5,JIMOTHY_USDT,LONG,OPEN,2026-08-21T18:52:16.654Z,,0.013465,,ASK,0.013461,0.013465,0.03,,,,,31.31,2325.40660973,104.372,0.3,,0.01378,,1787338334696,,2.339,,,,,,,MEXC below DEX anchor,
CLOSE,62e43aa9-11b0-4981-a035-e00cbb56c5c5,ANSEM_USDT,SHORT,CLOSED,2026-08-21T18:51:19.967Z,2026-08-21T18:52:32.825Z,0.2724,0.270378,BID,0.2724,0.2733,0.33,ASK,0.2706,0.2714,0.29520295202950825,31.31,114.94713656,104.372,0.3,104.5668,0.267,0.2675,1787338278658,1787338350704,1.982,1.1456,0.7423,0.6223,0.2324,0.1948,72858,MEXC above DEX anchor,trailing_stop
CLOSE,fe5cd403-dd65-4f65-8a3f-bd92dc590df5,JIMOTHY_USDT,LONG,CLOSED,2026-08-21T18:52:16.654Z,2026-08-21T18:53:18.868Z,0.013465,0.01321,ASK,0.013461,0.013465,0.03,BID,0.013183,0.013208,0.18945852752831635,31.31,2325.40660973,104.372,0.3,103.9358,0.01378,0.01356,1787338334696,1787338398725,2.339,2.6651,-1.8955,-2.0155,-0.5935,-0.631,62214,MEXC below DEX anchor,stop_loss
OPEN,1ef10dc4-d860-4b2a-835a-eb351747e983,ANSEM_USDT,SHORT,OPEN,2026-08-21T18:53:32.272Z,,0.2726,,BID,0.2726,0.273,0.147,,,,,31.18,114.38275862,103.9358,0.3,,0.2673,,1787338410734,,1.944,,,,,,,MEXC above DEX anchor,
OPEN,6018b93e-11da-4293-89b9-d4eb839c3cae,TOAD_USDT,SHORT,OPEN,2026-08-21T18:57:07.889Z,,0.00735,,BID,0.00735,0.007371,0.285,,,,,31.18,4242.27755102,103.9358,0.3,,0.007246,,1787338626829,,1.415,,,,,,,MEXC above DEX anchor,
CLOSE,6018b93e-11da-4293-89b9-d4eb839c3cae,TOAD_USDT,SHORT,CLOSED,2026-08-21T18:57:07.889Z,2026-08-21T18:58:47.701Z,0.00735,0.007489,BID,0.00735,0.007371,0.285,ASK,0.007426,0.007487,0.8180781868168636,31.18,4242.27755102,103.9358,0.3,103.3067,0.007246,0.007351,1787338626829,1787338726872,1.415,1.01,-1.8977,-2.0177,-0.5917,-0.6291,99812,MEXC above DEX anchor,stop_loss
CLOSE,1ef10dc4-d860-4b2a-835a-eb351747e983,ANSEM_USDT,SHORT,CLOSED,2026-08-21T18:53:32.272Z,2026-08-21T19:04:36.922Z,0.2726,0.271081,BID,0.2726,0.273,0.147,ASK,0.27,0.2709,0.3327787021630455,31.18,114.38275862,103.9358,0.3,103.443,0.2673,0.2665,1787338410734,1787339074988,1.944,1.2963,0.5573,0.4373,0.1738,0.1363,664650,MEXC above DEX anchor,trailing_stop
OPEN,301e4b1e-c77f-4e13-a81e-6e0374b1147e,ANSEM_USDT,SHORT,OPEN,2026-08-21T19:04:42.382Z,,0.27,,BID,0.27,0.2709,0.333,,,,,31.03,114.93666667,103.443,0.3,,0.2665,,1787339080989,,1.296,,,,,,,MEXC above DEX anchor,
OPEN,b1759d46-a8dd-4b07-8734-41affdaa8b0f,CATE_USDT,SHORT,OPEN,2026-08-21T19:08:22.733Z,,0.044775,,BID,0.044775,0.044792,0.038,,,,,31.03,693.08542714,103.443,0.3,,0.04361,,1787339301080,,2.602,,,,,,,MEXC above DEX anchor,
CLOSE,b1759d46-a8dd-4b07-8734-41affdaa8b0f,CATE_USDT,SHORT,CLOSED,2026-08-21T19:08:22.733Z,2026-08-21T19:09:08.952Z,0.044775,0.044002,BID,0.044775,0.044792,0.038,ASK,0.043962,0.044002,0.09094629621208306,31.03,693.08542714,103.443,0.3,103.9415,0.04361,0.04386,1787339301080,1787339347102,2.602,0.232,1.7264,1.6064,0.5357,0.4985,46219,MEXC above DEX anchor,mean_reverted_profit
OPEN,9906e3cc-9509-47b3-bf3e-84fc3922e4fc,CATE_USDT,SHORT,OPEN,2026-08-21T19:11:05.746Z,,0.044506,,BID,0.044506,0.044527,0.047,,,,,31.18,700.63474588,103.9415,0.3,,0.04284,,1787339463788,,3.743,,,,,,,MEXC above DEX anchor,
CLOSE,9906e3cc-9509-47b3-bf3e-84fc3922e4fc,CATE_USDT,SHORT,CLOSED,2026-08-21T19:11:05.746Z,2026-08-21T19:11:57.203Z,0.044506,0.045352,BID,0.044506,0.044527,0.047,ASK,0.045226,0.045446,0.4852655726133712,31.18,700.63474588,103.9415,0.3,103.3112,0.04284,0.04344,1787339463788,1787339517178,3.743,3.9491,-1.9016,-2.0216,-0.5929,-0.6303,51457,MEXC above DEX anchor,stop_loss
CLOSE,301e4b1e-c77f-4e13-a81e-6e0374b1147e,ANSEM_USDT,SHORT,CLOSED,2026-08-21T19:04:42.382Z,2026-08-21T19:18:20.967Z,0.27,0.2663,BID,0.27,0.2709,0.333,ASK,0.265,0.2663,0.48936570675699903,31.03,114.93666667,103.443,0.3,103.6992,0.2665,0.2649,1787339080989,1787339899357,1.296,0.0377,1.3704,1.2504,0.4252,0.388,818585,MEXC above DEX anchor,mean_reverted_profit
OPEN,b66ece05-65c6-4845-863c-87f382036649,BASECAT_USDT,LONG,OPEN,2026-08-21T19:21:27.463Z,,0.02672,,ASK,0.02665,0.02672,0.262,,,,,31.11,1164.28742515,103.6992,0.3,,0.02763,,1787340085484,,3.406,,,,,,,MEXC below DEX anchor,
CLOSE,b66ece05-65c6-4845-863c-87f382036649,BASECAT_USDT,LONG,CLOSED,2026-08-21T19:21:27.463Z,2026-08-21T19:21:38.182Z,0.02672,0.026213,ASK,0.02665,0.02672,0.262,BID,0.0258,0.02589,0.3482298316889139,31.11,1164.28742515,103.6992,0.3,103.0713,0.02763,0.02763,1787340085484,1787340097496,3.406,6.7207,-1.8983,-2.0183,-0.5906,-0.6279,10719,MEXC below DEX anchor,stop_loss
OPEN,ca316927-7be6-49ad-b0f8-fc7d5fe2ffd8,BEAT_USDT,SHORT,OPEN,2026-08-21T19:28:48.632Z,,0.1571,,BID,0.1571,0.1572,0.064,,,,,30.92,196.82616168,103.0713,0.3,,0.1545,,1787340527936,,1.655,,,,,,,MEXC above DEX anchor,
OPEN,b78ed7ac-1861-4819-ae9d-f5c0b9c94d6c,CATE_USDT,SHORT,OPEN,2026-08-21T19:29:18.225Z,,0.044066,,BID,0.044066,0.044113,0.107,,,,,30.92,701.70630418,103.0713,0.3,,0.04216,,1787340557660,,4.325,,,,,,,MEXC above DEX anchor,
CLOSE,ca316927-7be6-49ad-b0f8-fc7d5fe2ffd8,BEAT_USDT,SHORT,CLOSED,2026-08-21T19:28:48.632Z,2026-08-21T19:29:31.718Z,0.1571,0.1562,BID,0.1571,0.1572,0.064,ASK,0.1561,0.1562,0.06404098623119868,30.92,196.82616168,103.0713,0.3,103.2113,0.1545,0.1559,1787340527936,1787340571711,1.655,0.1281,0.5729,0.4529,0.1771,0.14,43086,MEXC above DEX anchor,mean_reverted_profit
CLOSE,b78ed7ac-1861-4819-ae9d-f5c0b9c94d6c,CATE_USDT,SHORT,CLOSED,2026-08-21T19:29:18.225Z,2026-08-21T19:30:49.856Z,0.044066,0.044904,BID,0.044066,0.044113,0.107,ASK,0.04475,0.04487,0.2677973666592324,30.92,701.70630418,103.0713,0.3,102.5863,0.04216,0.04317,1787340557660,1787340649691,4.325,3.5307,-1.9014,-2.0214,-0.5879,-0.625,91631,MEXC above DEX anchor,stop_loss
OPEN,08e5f65b-4279-4139-a628-96edd3c2fd16,ANSEM_USDT,SHORT,OPEN,2026-08-21T19:33:45.147Z,,0.2722,,BID,0.2722,0.2731,0.33,,,,,30.78,113.06351947,102.5863,0.3,,0.2662,,1787340823776,,2.204,,,,,,,MEXC above DEX anchor,
CLOSE,08e5f65b-4279-4139-a628-96edd3c2fd16,ANSEM_USDT,SHORT,CLOSED,2026-08-21T19:33:45.147Z,2026-08-21T19:47:00.198Z,0.2722,0.268069,BID,0.2722,0.2731,0.33,ASK,0.2664,0.2679,0.5614823133071313,30.78,113.06351947,102.5863,0.3,103.0165,0.2662,0.263,1787340823776,1787341618099,2.204,1.2763,1.5177,1.3977,0.4672,0.4302,795051,MEXC above DEX anchor,trailing_stop
OPEN,6e42c742-f80d-462a-8e23-496476215410,ZORA_USDT,LONG,OPEN,2026-08-21T19:51:36.098Z,,0.00678,,ASK,0.006779,0.00678,0.015,,,,,30.9,4558.25221239,103.0165,0.3,,0.006864,,1787341894269,,1.239,,,,,,,MEXC below DEX anchor,
OPEN,ec2cae27-71b2-424d-a5e8-2cd18fb9613c,BASECAT_USDT,LONG,OPEN,2026-08-21T19:54:27.050Z,,0.02803,,ASK,0.02802,0.02803,0.036,,,,,30.9,1102.56689262,103.0165,0.3,,0.02868,,1787342066337,,2.319,,,,,,,MEXC below DEX anchor,
CLOSE,ec2cae27-71b2-424d-a5e8-2cd18fb9613c,BASECAT_USDT,LONG,CLOSED,2026-08-21T19:54:27.050Z,2026-08-21T19:54:37.832Z,0.02803,0.027497,ASK,0.02802,0.02803,0.036,BID,0.02738,0.0275,0.4373177842565546,30.9,1102.56689262,103.0165,0.3,102.3924,0.02868,0.02868,1787342066337,1787342076339,2.319,4.2909,-1.8998,-2.0198,-0.5871,-0.6241,10782,MEXC below DEX anchor,stop_loss
CLOSE,6e42c742-f80d-462a-8e23-496476215410,ZORA_USDT,LONG,CLOSED,2026-08-21T19:51:36.098Z,2026-08-21T19:55:39.904Z,0.00678,0.006795,ASK,0.006779,0.00678,0.015,BID,0.006795,0.006796,0.01471562063130208,30.9,4558.25221239,103.0165,0.3,102.4237,0.006864,0.006799,1787341894269,1787342138388,1.239,0.0441,0.2212,0.1012,0.0684,0.0313,243806,MEXC below DEX anchor,mean_reverted_profit
OPEN,965454df-e362-464d-a767-a303a92bc3cc,ANSEM_USDT,SHORT,OPEN,2026-08-21T19:55:55.927Z,,0.2696,,BID,0.2696,0.2704,0.296,,,,,30.73,113.97295994,102.4237,0.3,,0.2654,,1787342154571,,1.558,,,,,,,MEXC above DEX anchor,
CLOSE,965454df-e362-464d-a767-a303a92bc3cc,ANSEM_USDT,SHORT,CLOSED,2026-08-21T19:55:55.927Z,2026-08-21T19:59:59.090Z,0.2696,0.274727,BID,0.2696,0.2704,0.296,ASK,0.274,0.2752,0.43699927166787284,30.73,113.97295994,102.4237,0.3,101.8024,0.2654,0.2675,1787342154571,1787342398437,1.558,2.3723,-1.9019,-2.0219,-0.5844,-0.6213,243163,MEXC above DEX anchor,stop_loss
OPEN,47d6ee6c-e1e0-4303-b150-53ea91b2aa77,B3_USDT,SHORT,OPEN,2026-08-21T20:01:53.395Z,,0.000497,,BID,0.000497,0.000498,0.141,,,,,30.54,61450.14084507,101.8024,0.3,,0.000491,,1787342512545,,1.307,,,,,,,MEXC above DEX anchor,
CLOSE,47d6ee6c-e1e0-4303-b150-53ea91b2aa77,B3_USDT,SHORT,CLOSED,2026-08-21T20:01:53.395Z,2026-08-21T20:03:14.135Z,0.000497,0.000507,BID,0.000497,0.000498,0.141,ASK,0.0005058,0.0005062,0.0790513833992114,30.54,61450.14084507,101.8024,0.3,101.1816,0.000491,0.0004981,1787342512545,1787342592598,1.307,1.5223,-1.9127,-2.0327,-0.5841,-0.6208,80740,MEXC above DEX anchor,stop_loss
OPEN,49f103fa-4215-4c8e-b227-e76949baeddb,ANSEM_USDT,SHORT,OPEN,2026-08-21T20:16:20.476Z,,0.2792,,BID,0.2792,0.2794,0.072,,,,,30.35,108.71948424,101.1816,0.3,,0.2749,,1787343379023,,1.54,,,,,,,MEXC above DEX anchor,
CLOSE,49f103fa-4215-4c8e-b227-e76949baeddb,ANSEM_USDT,SHORT,CLOSED,2026-08-21T20:16:20.476Z,2026-08-21T20:21:22.426Z,0.2792,0.28451,BID,0.2792,0.2794,0.072,ASK,0.285,0.2861,0.38522150236387515,30.35,108.71948424,101.1816,0.3,100.5679,0.2749,0.2779,1787343379023,1787343680918,1.54,2.4912,-1.9019,-2.0219,-0.5772,-0.6137,301950,MEXC above DEX anchor,stop_loss
OPEN,881823cd-438c-4972-9757-b4c357d42c95,JIMOTHY_USDT,LONG,OPEN,2026-08-21T20:54:28.432Z,,0.01348,,ASK,0.013464,0.01348,0.119,,,,,30.17,2238.15801187,100.5679,0.3,,0.01393,,1787345667809,,3.338,,,,,,,MEXC below DEX anchor,
CLOSE,881823cd-438c-4972-9757-b4c357d42c95,JIMOTHY_USDT,LONG,CLOSED,2026-08-21T20:54:28.432Z,2026-08-21T20:56:57.527Z,0.01348,0.013855,ASK,0.013464,0.01348,0.119,BID,0.013852,0.013941,0.6404490339294105,30.17,2238.15801187,100.5679,0.3,101.3713,0.01393,0.01415,1787345667809,1787345815864,3.338,1.4992,2.7829,2.6629,0.8396,0.8034,149095,MEXC below DEX anchor,trailing_stop
OPEN,a28c3d98-0135-4278-b881-241cd019312b,JIMOTHY_USDT,LONG,OPEN,2026-08-21T20:58:35.736Z,,0.01368,,ASK,0.013657,0.01368,0.168,,,,,30.41,2223.05482456,101.3713,0.3,,0.01426,,1787345913913,,4.24,,,,,,,MEXC below DEX anchor,
CLOSE,a28c3d98-0135-4278-b881-241cd019312b,JIMOTHY_USDT,LONG,CLOSED,2026-08-21T20:58:35.736Z,2026-08-21T21:00:22.283Z,0.01368,0.013784,ASK,0.013657,0.01368,0.168,BID,0.013711,0.01374,0.21128556336746382,30.41,2223.05482456,101.3713,0.3,101.5664,0.01426,0.01392,1787345913913,1787346019967,4.24,1.31,0.7617,0.6417,0.2316,0.1951,106547,MEXC below DEX anchor,trailing_stop
OPEN,18a9eb5d-f6aa-4d84-9f36-c6eeb7e3ef29,JIMOTHY_USDT,LONG,OPEN,2026-08-21T21:04:37.653Z,,0.01436,,ASK,0.01432,0.01436,0.279,,,,,30.47,2121.86072423,101.5664,0.3,,0.01461,,1787346276085,,1.741,,,,,,,MEXC below DEX anchor,
CLOSE,18a9eb5d-f6aa-4d84-9f36-c6eeb7e3ef29,JIMOTHY_USDT,LONG,CLOSED,2026-08-21T21:04:37.653Z,2026-08-21T21:05:54.609Z,0.01436,0.014462,ASK,0.01432,0.01436,0.279,BID,0.014409,0.01444,0.2149121286699697,30.47,2121.86072423,101.5664,0.3,101.7453,0.01461,0.01467,1787346276085,1787346354118,1.741,1.5928,0.707,0.587,0.2154,0.1789,76956,MEXC below DEX anchor,trailing_stop
OPEN,eeb4da8c-9a7e-49be-8b18-974e94ddf5c3,JIMOTHY_USDT,LONG,OPEN,2026-08-21T21:05:59.857Z,,0.0145,,ASK,0.01446,0.0145,0.276,,,,,30.52,2105.07517241,101.7453,0.3,,0.01474,,1787346359540,,1.655,,,,,,,MEXC below DEX anchor,
CLOSE,eeb4da8c-9a7e-49be-8b18-974e94ddf5c3,JIMOTHY_USDT,LONG,CLOSED,2026-08-21T21:05:59.857Z,2026-08-21T21:08:18.023Z,0.0145,0.014225,ASK,0.01446,0.0145,0.276,BID,0.01412,0.01416,0.28288543140028366,30.52,2105.07517241,101.7453,0.3,101.1293,0.01474,0.01482,1787346359540,1787346496153,1.655,4.661,-1.8982,-2.0182,-0.5793,-0.616,138166,MEXC below DEX anchor,stop_loss
OPEN,5dec8940-5b95-4a2d-bd4d-f57e06b63e30,TOAD_USDT,LONG,OPEN,2026-08-21T21:17:34.213Z,,0.007203,,ASK,0.007179,0.007203,0.334,,,,,30.34,4211.96584756,101.1293,0.3,,0.007376,,1787347052383,,2.402,,,,,,,MEXC below DEX anchor,
CLOSE,5dec8940-5b95-4a2d-bd4d-f57e06b63e30,TOAD_USDT,LONG,CLOSED,2026-08-21T21:17:34.213Z,2026-08-21T21:18:27.049Z,0.007203,0.007262,ASK,0.007179,0.007203,0.334,BID,0.00725,0.0073,0.6872852233676934,30.34,4211.96584756,101.1293,0.3,101.3403,0.007376,0.007363,1787347052383,1787347106419,2.402,0.863,0.8154,0.6954,0.2474,0.211,52836,MEXC below DEX anchor,trailing_stop
OPEN,d1a6434d-1fbc-41d1-b6b4-5ff4b7c525df,JIMOTHY_USDT,LONG,OPEN,2026-08-21T21:23:34.650Z,,0.0145,,ASK,0.014461,0.0145,0.269,,,,,30.4,2096.69586207,101.3403,0.3,,0.01476,,1787347414575,,1.793,,,,,,,MEXC below DEX anchor,
CLOSE,d1a6434d-1fbc-41d1-b6b4-5ff4b7c525df,JIMOTHY_USDT,LONG,CLOSED,2026-08-21T21:23:34.650Z,2026-08-21T21:24:44.192Z,0.0145,0.0148,ASK,0.014461,0.0145,0.269,BID,0.01476,0.01478,0.13540961408259436,30.4,2096.69586207,101.3403,0.3,101.9332,0.01476,0.01514,1787347414575,1787347482599,1.793,2.4357,2.0702,1.9502,0.6294,0.5929,69542,MEXC below DEX anchor,trailing_stop
OPEN,24722cab-6930-453d-a15e-3ceb6d21b8f7,JIMOTHY_USDT,LONG,OPEN,2026-08-21T21:25:48.206Z,,0.01476,,ASK,0.01472,0.01476,0.271,,,,,30.58,2071.81300813,101.9332,0.3,,0.01505,,1787347546849,,1.965,,,,,,,MEXC below DEX anchor,
CLOSE,24722cab-6930-453d-a15e-3ceb6d21b8f7,JIMOTHY_USDT,LONG,CLOSED,2026-08-21T21:25:48.206Z,2026-08-21T21:31:13.666Z,0.01476,0.01448,ASK,0.01472,0.01476,0.271,BID,0.01448,0.01452,0.275862068965518,30.58,2071.81300813,101.9332,0.3,101.3154,0.01505,0.01472,1787347546849,1787347873344,1.965,1.3774,-1.9004,-2.0204,-0.5811,-0.6178,325460,MEXC below DEX anchor,stop_loss
OPEN,8994e18d-df6c-44a2-bbf6-abf4e9f89ce9,JIMOTHY_USDT,LONG,OPEN,2026-08-21T21:46:37.252Z,,0.01477,,ASK,0.01476,0.01477,0.068,,,,,30.39,2057.86188219,101.3154,0.3,,0.01523,,1787348797149,,3.114,,,,,,,MEXC below DEX anchor,
CLOSE,8994e18d-df6c-44a2-bbf6-abf4e9f89ce9,JIMOTHY_USDT,LONG,CLOSED,2026-08-21T21:46:37.252Z,2026-08-21T21:46:53.138Z,0.01477,0.015037,ASK,0.01476,0.01477,0.068,BID,0.01501,0.015025,0.09988346928582913,30.39,2057.86188219,101.3154,0.3,101.8282,0.01523,0.01522,1787348797149,1787348811163,3.114,1.2978,1.8074,1.6874,0.5493,0.5128,15886,MEXC below DEX anchor,trailing_stop
OPEN,46bb4024-377c-41a1-9d03-10bab5c98acf,JIMOTHY_USDT,LONG,OPEN,2026-08-21T21:49:27.278Z,,0.014836,,ASK,0.0148,0.014836,0.243,,,,,30.55,2059.0765705,101.8282,0.3,,0.01504,,1787348967267,,1.375,,,,,,,MEXC below DEX anchor,
CLOSE,46bb4024-377c-41a1-9d03-10bab5c98acf,JIMOTHY_USDT,LONG,CLOSED,2026-08-21T21:49:27.278Z,2026-08-21T21:49:59.172Z,0.014836,0.014554,ASK,0.0148,0.014836,0.243,BID,0.0145,0.01454,0.2754820936639125,30.55,2059.0765705,101.8282,0.3,101.2117,0.01504,0.01511,1787348967267,1787348997276,1.375,3.9202,-1.8979,-2.0179,-0.5798,-0.6165,31894,MEXC below DEX anchor,stop_loss
OPEN,49e251a1-a9d9-47a7-aabc-08bfc2c34e09,BASECAT_USDT,SHORT,OPEN,2026-08-21T21:55:40.749Z,,0.02852,,BID,0.02852,0.02854,0.07,,,,,30.36,1064.63920056,101.2117,0.3,,0.02815,,1787349339461,,1.297,,,,,,,MEXC above DEX anchor,
CLOSE,49e251a1-a9d9-47a7-aabc-08bfc2c34e09,BASECAT_USDT,SHORT,CLOSED,2026-08-21T21:55:40.749Z,2026-08-21T21:56:55.448Z,0.02852,0.028413,BID,0.02852,0.02854,0.07,ASK,0.02823,0.0284,0.600388486667844,30.36,1064.63920056,101.2117,0.3,101.2888,0.02815,0.02811,1787349339461,1787349413496,1.297,0.4251,0.3738,0.2538,0.1135,0.0771,74699,MEXC above DEX anchor,trailing_stop
OPEN,00bd636f-94fa-4325-ad80-f940a2df4940,JIMOTHY_USDT,LONG,OPEN,2026-08-21T22:05:17.357Z,,0.01456,,ASK,0.014521,0.01456,0.268,,,,,30.39,2086.99450549,101.2888,0.3,,0.01478,,1787349915695,,1.511,,,,,,,MEXC below DEX anchor,
CLOSE,00bd636f-94fa-4325-ad80-f940a2df4940,JIMOTHY_USDT,LONG,CLOSED,2026-08-21T22:05:17.357Z,2026-08-21T22:05:49.225Z,0.01456,0.01466,ASK,0.014521,0.01456,0.268,BID,0.01466,0.014693,0.2248492487991009,30.39,2086.99450549,101.2888,0.3,101.4611,0.01478,0.01471,1787349915695,1787349947708,1.511,0.1157,0.6868,0.5668,0.2087,0.1723,31868,MEXC below DEX anchor,mean_reverted_profit
OPEN,56f85d4d-1b74-4966-b705-d2a4bb9b624c,BASECAT_USDT,SHORT,OPEN,2026-08-21T22:07:03.875Z,,0.0278,,BID,0.0278,0.02785,0.18,,,,,30.44,1094.90395683,101.4611,0.3,,0.0274,,1787350023763,,1.439,,,,,,,MEXC above DEX anchor,
CLOSE,56f85d4d-1b74-4966-b705-d2a4bb9b624c,BASECAT_USDT,SHORT,CLOSED,2026-08-21T22:07:03.875Z,2026-08-21T22:07:41.053Z,0.0278,0.028328,BID,0.0278,0.02785,0.18,ASK,0.0282,0.02832,0.4246284501061644,30.44,1094.90395683,101.4611,0.3,100.8461,0.0274,0.02728,1787350023763,1787350059785,1.439,3.2624,-1.9004,-2.0204,-0.5785,-0.615,37178,MEXC above DEX anchor,stop_loss
OPEN,1241ce5b-5ec9-4948-b1eb-6ac69b7e8a3b,JIMOTHY_USDT,LONG,OPEN,2026-08-21T22:08:09.941Z,,0.01466,,ASK,0.014635,0.01466,0.171,,,,,30.25,2063.69918145,100.8461,0.3,,0.01484,,1787350089761,,1.228,,,,,,,MEXC below DEX anchor,
CLOSE,1241ce5b-5ec9-4948-b1eb-6ac69b7e8a3b,JIMOTHY_USDT,LONG,CLOSED,2026-08-21T22:08:09.941Z,2026-08-21T22:09:13.832Z,0.01466,0.014728,ASK,0.014635,0.01466,0.171,BID,0.014728,0.014749,0.14248397055331402,30.25,2063.69918145,100.8461,0.3,100.9501,0.01484,0.01476,1787350089761,1787350153166,1.228,0.0746,0.4638,0.3438,0.1403,0.104,63891,MEXC below DEX anchor,mean_reverted_profit
OPEN,aedc0101-c01c-4765-9f65-df2705034158,CATE_USDT,SHORT,OPEN,2026-08-21T22:11:02.981Z,,0.047463,,BID,0.047463,0.047508,0.095,,,,,30.29,638.07660704,100.9501,0.3,,0.04674,,1787350261856,,1.523,,,,,,,MEXC above DEX anchor,
CLOSE,aedc0101-c01c-4765-9f65-df2705034158,CATE_USDT,SHORT,CLOSED,2026-08-21T22:11:02.981Z,2026-08-21T22:14:38.011Z,0.047463,0.047347,BID,0.047463,0.047508,0.095,ASK,0.047159,0.047338,0.37884800575679356,30.29,638.07660704,100.9501,0.3,100.9876,0.04674,0.04665,1787350261856,1787350477943,1.523,1.0793,0.2438,0.1238,0.0738,0.0375,215030,MEXC above DEX anchor,trailing_stop
OPEN,7646f7d6-5b44-4a5a-b4f8-5d7ac82799f4,TOAD_USDT,SHORT,OPEN,2026-08-21T22:15:17.620Z,,0.008117,,BID,0.008117,0.008132,0.185,,,,,30.3,3732.44794875,100.9876,0.3,,0.007997,,1787350515953,,1.478,,,,,,,MEXC above DEX anchor,
CLOSE,7646f7d6-5b44-4a5a-b4f8-5d7ac82799f4,TOAD_USDT,SHORT,CLOSED,2026-08-21T22:15:17.620Z,2026-08-21T22:19:18.811Z,0.008117,0.00805,BID,0.008117,0.008132,0.185,ASK,0.00795,0.00805,1.2499999999999925,30.3,3732.44794875,100.9876,0.3,101.2013,0.007997,0.008021,1787350515953,1787350758045,1.478,-0.8931,0.8254,0.7054,0.2501,0.2137,241191,MEXC above DEX anchor,mean_reverted_profit
OPEN,cfa3e2d8-744f-4297-b9b9-2700e0d7e40c,EYE_USDT,SHORT,OPEN,2026-08-21T22:20:24.975Z,,0.001438,,BID,0.001438,0.00144,0.139,,,,,30.36,21112.92767733,101.2013,0.3,,0.001393,,1787350824076,,3.129,,,,,,,MEXC above DEX anchor,
OPEN,833117a4-a1e4-4bca-bd32-135438c3c818,BASECAT_USDT,SHORT,OPEN,2026-08-21T22:23:22.273Z,,0.0274,,BID,0.0274,0.02742,0.073,,,,,30.36,1108.04343066,101.2013,0.3,,0.027,,1787351000191,,1.46,,,,,,,MEXC above DEX anchor,
CLOSE,833117a4-a1e4-4bca-bd32-135438c3c818,BASECAT_USDT,SHORT,CLOSED,2026-08-21T22:23:22.273Z,2026-08-21T22:24:01.989Z,0.0274,0.027921,BID,0.0274,0.02742,0.073,ASK,0.02789,0.0279,0.03584871840831544,30.36,1108.04343066,101.2013,0.3,100.5877,0.027,0.02715,1787351000191,1787351040230,1.46,2.6533,-1.9011,-2.0211,-0.5772,-0.6136,39716,MEXC above DEX anchor,stop_loss
CLOSE,cfa3e2d8-744f-4297-b9b9-2700e0d7e40c,EYE_USDT,SHORT,CLOSED,2026-08-21T22:20:24.975Z,2026-08-21T22:30:08.110Z,0.001438,0.001433,BID,0.001438,0.00144,0.139,ASK,0.001404,0.001433,2.0444131124427174,30.36,21112.92767733,101.2013,0.3,100.6568,0.001393,0.001424,1787350824076,1787351406336,3.129,-1.4245,0.3477,0.2277,0.1056,0.0691,583135,MEXC above DEX anchor,mean_reverted_profit
OPEN,e07685bc-4d64-4697-aba1-491db5f84997,1000BONK_USDT,LONG,OPEN,2026-08-21T22:31:43.499Z,,0.003088,,ASK,0.003087,0.003088,0.032,,,,,30.2,9778.83419689,100.6568,0.3,,0.003145,,1787351502380,,1.846,,,,,,,MEXC below DEX anchor,
CLOSE,e07685bc-4d64-4697-aba1-491db5f84997,1000BONK_USDT,LONG,CLOSED,2026-08-21T22:31:43.499Z,2026-08-21T22:32:15.300Z,0.003088,0.003095,ASK,0.003087,0.003088,0.032,BID,0.003095,0.003096,0.03230495881116779,30.2,9778.83419689,100.6568,0.3,100.689,0.003145,0.003083,1787351502380,1787351534401,1.846,-0.4199,0.2267,0.1067,0.0685,0.0322,31801,MEXC below DEX anchor,mean_reverted_profit
OPEN,5228ee73-ba56-4a80-a3dd-35c80fdbf1bf,CATE_USDT,LONG,OPEN,2026-08-21T22:34:22.095Z,,0.048735,,ASK,0.04866,0.048735,0.154,,,,,30.21,619.81532779,100.689,0.3,,0.04938,,1787351660466,,1.323,,,,,,,MEXC below DEX anchor,
CLOSE,5228ee73-ba56-4a80-a3dd-35c80fdbf1bf,CATE_USDT,LONG,CLOSED,2026-08-21T22:34:22.095Z,2026-08-21T22:34:53.644Z,0.048735,0.050943,ASK,0.04866,0.048735,0.154,BID,0.050943,0.051292,0.6827407443634669,30.21,619.81532779,100.689,0.3,102.0214,0.04938,0.04938,1787351660466,1787351692487,1.323,-3.7277,4.5306,4.4106,1.3687,1.3324,31549,MEXC below DEX anchor,mean_reverted_profit
OPEN,09243578-2fa8-4f17-a8b1-257adc7e7523,CATE_USDT,SHORT,OPEN,2026-08-21T22:36:38.890Z,,0.050424,,BID,0.050424,0.05044,0.032,,,,,30.61,606.98119943,102.0214,0.3,,0.04979,,1787351798527,,1.257,,,,,,,MEXC above DEX anchor,
CLOSE,09243578-2fa8-4f17-a8b1-257adc7e7523,CATE_USDT,SHORT,CLOSED,2026-08-21T22:36:38.890Z,2026-08-21T22:37:10.512Z,0.050424,0.050052,BID,0.050424,0.05044,0.032,ASK,0.04992,0.050052,0.2640739407033973,30.61,606.98119943,102.0214,0.3,102.2105,0.04979,0.05093,1787351798527,1787351828537,1.257,-2.0232,0.7377,0.6177,0.2258,0.1891,31622,MEXC above DEX anchor,mean_reverted_profit
OPEN,1dd75622-605c-41b2-ad53-04a519b3e408,CATE_USDT,LONG,OPEN,2026-08-21T22:37:18.450Z,,0.050324,,ASK,0.05032,0.050324,0.008,,,,,30.66,609.31464113,102.2105,0.3,,0.05116,,1787351836543,,1.661,,,,,,,MEXC below DEX anchor,
CLOSE,1dd75622-605c-41b2-ad53-04a519b3e408,CATE_USDT,LONG,CLOSED,2026-08-21T22:37:18.450Z,2026-08-21T22:37:39.762Z,0.050324,0.05053,ASK,0.05032,0.050324,0.008,BID,0.050309,0.05048,0.3393227435533591,30.66,609.31464113,102.2105,0.3,102.2995,0.05116,0.05116,1787351836543,1787351858555,1.661,1.3471,0.4102,0.2902,0.1258,0.089,21312,MEXC below DEX anchor,trailing_stop
OPEN,77e56421-02cf-4043-a9ac-120b5ebd8cb0,ANSEM_USDT,SHORT,OPEN,2026-08-21T22:42:12.711Z,,0.299,,BID,0.299,0.3,0.334,,,,,30.69,102.6416388,102.2995,0.3,,0.2942,,1787352132640,,1.605,,,,,,,MEXC above DEX anchor,
CLOSE,77e56421-02cf-4043-a9ac-120b5ebd8cb0,ANSEM_USDT,SHORT,CLOSED,2026-08-21T22:42:12.711Z,2026-08-21T22:46:20.343Z,0.299,0.2949,BID,0.299,0.3,0.334,ASK,0.293,0.2949,0.6463684300051072,30.69,102.6416388,102.2995,0.3,102.6835,0.2942,0.2925,1787352132640,1787352378733,1.605,0.1706,1.3712,1.2512,0.4208,0.384,247632,MEXC above DEX anchor,mean_reverted_profit
OPEN,675e98a2-cfe7-46c2-b8ac-ba5ebc16568a,JIMOTHY_USDT,LONG,OPEN,2026-08-21T22:52:32.270Z,,0.014315,,ASK,0.01428,0.014315,0.245,,,,,30.81,2151.94201886,102.6835,0.3,,0.01453,,1787352750902,,1.502,,,,,,,MEXC below DEX anchor,
CLOSE,675e98a2-cfe7-46c2-b8ac-ba5ebc16568a,JIMOTHY_USDT,LONG,CLOSED,2026-08-21T22:52:32.270Z,2026-08-21T23:02:14.250Z,0.014315,0.014043,ASK,0.01428,0.014315,0.245,BID,0.01405,0.01408,0.21329541414859943,30.81,2151.94201886,102.6835,0.3,102.061,0.01453,0.01444,1787352750902,1787353333144,1.502,2.5568,-1.9005,-2.0205,-0.5855,-0.6225,581980,MEXC below DEX anchor,stop_loss
OPEN,bd5afcb6-9a10-4e19-bb9c-65addd8f1b9e,ZORA_USDT,LONG,OPEN,2026-08-21T23:02:45.821Z,,0.006688,,ASK,0.006684,0.006688,0.06,,,,,30.62,4578.09509569,102.061,0.3,,0.00677,,1787353365183,,1.226,,,,,,,MEXC below DEX anchor,
CLOSE,bd5afcb6-9a10-4e19-bb9c-65addd8f1b9e,ZORA_USDT,LONG,CLOSED,2026-08-21T23:02:45.821Z,2026-08-21T23:08:09.772Z,0.006688,0.006705,ASK,0.006684,0.006688,0.06,BID,0.006705,0.006707,0.029824038174772822,30.62,4578.09509569,102.061,0.3,102.1021,0.00677,0.006664,1787353365183,1787353689344,1.226,-0.6411,0.2542,0.1342,0.0778,0.0411,323951,MEXC below DEX anchor,mean_reverted_profit
OPEN,e1e51750-06c6-4ac1-81c1-dabbcc621b6f,CATE_USDT,LONG,OPEN,2026-08-21T23:08:33.675Z,,0.05769,,ASK,0.057684,0.05769,0.01,,,,,30.63,530.95215809,102.1021,0.3,,0.05894,,1787353713327,,2.167,,,,,,,MEXC below DEX anchor,
CLOSE,e1e51750-06c6-4ac1-81c1-dabbcc621b6f,CATE_USDT,LONG,CLOSED,2026-08-21T23:08:33.675Z,2026-08-21T23:08:38.921Z,0.05769,0.056595,ASK,0.057684,0.05769,0.01,BID,0.056628,0.05685,0.3912652672764765,30.63,530.95215809,102.1021,0.3,101.4841,0.05894,0.05894,1787353713327,1787353717327,2.167,3.6763,-1.8975,-2.0175,-0.5812,-0.618,5246,MEXC below DEX anchor,stop_loss
OPEN,7381650d-380a-4786-a087-158962560019,ANSEM_USDT,SHORT,OPEN,2026-08-21T23:09:25.909Z,,0.293,,BID,0.293,0.294,0.341,,,,,30.45,103.90863481,101.4841,0.3,,0.2875,,1787353765347,,1.877,,,,,,,MEXC above DEX anchor,
CLOSE,7381650d-380a-4786-a087-158962560019,ANSEM_USDT,SHORT,CLOSED,2026-08-21T23:09:25.909Z,2026-08-21T23:24:27.101Z,0.293,0.2945,BID,0.293,0.294,0.341,ASK,0.293,0.2945,0.5106382978723409,30.45,103.90863481,101.4841,0.3,101.2917,0.2875,0.2886,1787353765347,1787354665802,1.877,1.5017,-0.5119,-0.6319,-0.1559,-0.1924,901192,MEXC above DEX anchor,timeout
OPEN,e1a17686-4088-4af8-86a1-46dcf3db3605,TOAD_USDT,LONG,OPEN,2026-08-21T23:30:23.231Z,,0.00727,,ASK,0.00725,0.00727,0.275,,,,,30.39,4179.85006878,101.2917,0.3,,0.007379,,1787355021962,,1.499,,,,,,,MEXC below DEX anchor,
CLOSE,e1a17686-4088-4af8-86a1-46dcf3db3605,TOAD_USDT,LONG,CLOSED,2026-08-21T23:30:23.231Z,2026-08-21T23:45:25.651Z,0.00727,0.00716,ASK,0.00725,0.00727,0.275,BID,0.00716,0.00725,1.2491325468424799,30.39,4179.85006878,101.2917,0.3,100.7954,0.007379,0.007179,1787355021962,1787355924358,1.499,-0.9793,-1.5131,-1.6331,-0.4598,-0.4963,902420,MEXC below DEX anchor,timeout
OPEN,3370fb74-2a23-465f-be21-f66e76615364,CATE_USDT,LONG,OPEN,2026-08-21T23:46:26.108Z,,0.055727,,ASK,0.055539,0.055727,0.338,,,,,30.24,542.62063273,100.7954,0.3,,0.05682,,1787355984383,,1.961,,,,,,,MEXC below DEX anchor,
CLOSE,3370fb74-2a23-465f-be21-f66e76615364,CATE_USDT,LONG,CLOSED,2026-08-21T23:46:26.108Z,2026-08-21T23:46:57.597Z,0.055727,0.0575,ASK,0.055539,0.055727,0.338,BID,0.0575,0.05774,0.4165220409579957,30.24,542.62063273,100.7954,0.3,101.7212,0.05682,0.05532,1787355984383,1787356016394,1.961,-4.1912,3.1816,3.0616,0.9621,0.9258,31489,MEXC below DEX anchor,mean_reverted_profit
OPEN,53e694cd-a7a8-4a38-a532-51c2252057cc,CATE_USDT,SHORT,OPEN,2026-08-21T23:47:31.811Z,,0.05713,,BID,0.05713,0.057286,0.273,,,,,30.52,534.15648521,101.7212,0.3,,0.05586,,1787356050406,,2.223,,,,,,,MEXC above DEX anchor,
CLOSE,53e694cd-a7a8-4a38-a532-51c2252057cc,CATE_USDT,SHORT,CLOSED,2026-08-21T23:47:31.811Z,2026-08-21T23:48:03.357Z,0.05713,0.05686,BID,0.05713,0.057286,0.273,ASK,0.056644,0.05686,0.38060332675500586,30.52,534.15648521,101.7212,0.3,101.8288,0.05586,0.0574,1787356050406,1787356082419,2.223,-1.3347,0.4726,0.3526,0.1442,0.1076,31546,MEXC above DEX anchor,mean_reverted_profit
OPEN,6878ddc1-a52c-4d0c-8b50-f57c7c8c32f4,JIMOTHY_USDT,LONG,OPEN,2026-08-21T23:51:25.550Z,,0.01316,,ASK,0.013125,0.01316,0.266,,,,,30.55,2321.32522796,101.8288,0.3,,0.01332,,1787356284515,,1.216,,,,,,,MEXC below DEX anchor,
CLOSE,6878ddc1-a52c-4d0c-8b50-f57c7c8c32f4,JIMOTHY_USDT,LONG,CLOSED,2026-08-21T23:51:25.550Z,2026-08-21T23:52:02.472Z,0.01316,0.013212,ASK,0.013125,0.01316,0.266,BID,0.013212,0.013225,0.09834701365511106,30.55,2321.32522796,101.8288,0.3,101.9129,0.01332,0.01321,1787356284515,1787356318535,1.216,-0.1134,0.3951,0.2751,0.1207,0.0841,36922,MEXC below DEX anchor,mean_reverted_profit
OPEN,81703453-139b-4960-ac0d-acbdf452ea22,JIMOTHY_USDT,LONG,OPEN,2026-08-21T23:53:53.094Z,,0.01378,,ASK,0.01374,0.01378,0.291,,,,,30.57,2218.71335269,101.9129,0.3,,0.01402,,1787356432581,,1.742,,,,,,,MEXC below DEX anchor,
OPEN,0e279ff2-075e-449f-bb59-58d766f82e30,CATE_USDT,SHORT,OPEN,2026-08-21T23:54:03.908Z,,0.059108,,BID,0.059108,0.059202,0.159,,,,,30.57,517.25434797,101.9129,0.3,,0.05698,,1787356442581,,3.6,,,,,,,MEXC above DEX anchor,
CLOSE,0e279ff2-075e-449f-bb59-58d766f82e30,CATE_USDT,SHORT,CLOSED,2026-08-21T23:54:03.908Z,2026-08-21T23:54:19.585Z,0.059108,0.058262,BID,0.059108,0.059202,0.159,ASK,0.058265,0.058547,0.4828271068041031,30.57,517.25434797,101.9129,0.3,102.3137,0.05698,0.05844,1787356442581,1787356458587,3.6,-0.3004,1.4309,1.3109,0.4374,0.4008,15677,MEXC above DEX anchor,trailing_stop
CLOSE,81703453-139b-4960-ac0d-acbdf452ea22,JIMOTHY_USDT,LONG,CLOSED,2026-08-21T23:53:53.094Z,2026-08-21T23:54:21.862Z,0.01378,0.013823,ASK,0.01374,0.01378,0.291,BID,0.013825,0.01384,0.10844026748598871,30.57,2218.71335269,101.9129,0.3,102.3728,0.01402,0.01403,1787356432581,1787356460589,1.742,1.3728,0.3132,0.1932,0.0958,0.0591,28768,MEXC below DEX anchor,trailing_stop
OPEN,83ae7918-d93f-4e7c-904a-e5538a0132ce,JIMOTHY_USDT,LONG,OPEN,2026-08-21T23:56:38.199Z,,0.01424,,ASK,0.01422,0.01424,0.141,,,,,30.71,2156.73033708,102.3728,0.3,,0.01446,,1787356596644,,1.545,,,,,,,MEXC below DEX anchor,
CLOSE,83ae7918-d93f-4e7c-904a-e5538a0132ce,JIMOTHY_USDT,LONG,CLOSED,2026-08-21T23:56:38.199Z,2026-08-21T23:57:12.149Z,0.01424,0.01397,ASK,0.01422,0.01424,0.141,BID,0.013947,0.01398,0.23633043291438424,30.71,2156.73033708,102.3728,0.3,101.7537,0.01446,0.01449,1787356596644,1787356630659,1.545,3.6481,-1.896,-2.016,-0.5822,-0.6191,33950,MEXC below DEX anchor,stop_loss
OPEN,766ecd02-ec4a-4cf9-bd3d-c4de2118904b,CATE_USDT,SHORT,OPEN,2026-08-21T23:58:51.963Z,,0.058292,,BID,0.058292,0.05834,0.082,,,,,30.53,523.67580457,101.7537,0.3,,0.05751,,1787356730706,,1.342,,,,,,,MEXC above DEX anchor,
CLOSE,766ecd02-ec4a-4cf9-bd3d-c4de2118904b,CATE_USDT,SHORT,CLOSED,2026-08-21T23:58:51.963Z,2026-08-21T23:59:31.282Z,0.058292,0.05796,BID,0.058292,0.05834,0.082,ASK,0.057772,0.05796,0.3248885355822083,30.53,523.67580457,101.7537,0.3,101.8909,0.05751,0.05818,1787356730706,1787356771253,1.342,-0.7062,0.5695,0.4495,0.1739,0.1372,39319,MEXC above DEX anchor,mean_reverted_profit
OPEN,48b584d3-2bce-405c-ba58-420938ac9598,CATE_USDT,SHORT,OPEN,2026-08-22T00:03:40.915Z,,0.0584,,BID,0.0584,0.05855,0.257,,,,,30.57,523.41215753,101.8909,0.3,,0.05761,,1787357020859,,1.353,,,,,,,MEXC above DEX anchor,
CLOSE,48b584d3-2bce-405c-ba58-420938ac9598,CATE_USDT,SHORT,CLOSED,2026-08-22T00:03:40.915Z,2026-08-22T00:04:12.531Z,0.0584,0.05774,BID,0.0584,0.05855,0.257,ASK,0.0575,0.05774,0.4165220409579957,30.57,523.41215753,101.8909,0.3,102.1997,0.05761,0.05781,1787357020859,1787357050872,1.353,-0.5391,1.1301,1.0101,0.3455,0.3088,31616,MEXC above DEX anchor,mean_reverted_profit
OPEN,183d6386-028d-4afc-9c76-d40effe8e49d,CATE_USDT,SHORT,OPEN,2026-08-22T00:07:25.010Z,,0.059534,,BID,0.059534,0.05956,0.044,,,,,30.66,514.99832029,102.1997,0.3,,0.05719,,1787357244964,,3.937,,,,,,,MEXC above DEX anchor,
CLOSE,183d6386-028d-4afc-9c76-d40effe8e49d,CATE_USDT,SHORT,CLOSED,2026-08-22T00:07:25.010Z,2026-08-22T00:07:40.929Z,0.059534,0.060667,BID,0.059534,0.05956,0.044,ASK,0.06122,0.06142,0.3261578604044451,30.66,514.99832029,102.1997,0.3,101.5796,0.05719,0.05926,1787357244964,1787357258972,3.937,3.2016,-1.9025,-2.0225,-0.5833,-0.6201,15919,MEXC above DEX anchor,stop_loss
OPEN,2897ad0b-1a2c-4ba9-9e04-1ea2994fac41,ANSEM_USDT,SHORT,OPEN,2026-08-22T00:10:58.677Z,,0.288,,BID,0.288,0.289,0.347,,,,,30.47,105.81208333,101.5796,0.3,,0.2834,,1787357457078,,1.597,,,,,,,MEXC above DEX anchor,
OPEN,932ebb04-5047-4402-989d-d966b16c50f2,CATE_USDT,LONG,OPEN,2026-08-22T00:22:45.781Z,,0.06231,,ASK,0.0623,0.06231,0.016,,,,,30.47,489.0688493,101.5796,0.3,,0.06307,,1787358165419,,1.22,,,,,,,MEXC below DEX anchor,
CLOSE,932ebb04-5047-4402-989d-d966b16c50f2,CATE_USDT,LONG,CLOSED,2026-08-22T00:22:45.781Z,2026-08-22T00:23:24.744Z,0.06231,0.061127,ASK,0.0623,0.06231,0.016,BID,0.06115,0.06136,0.34282915680351794,30.47,489.0688493,101.5796,0.3,100.9644,0.06307,0.06227,1787358165419,1787358203436,1.22,1.4831,-1.8989,-2.0189,-0.5786,-0.6152,38963,MEXC below DEX anchor,stop_loss
CLOSE,2897ad0b-1a2c-4ba9-9e04-1ea2994fac41,ANSEM_USDT,SHORT,CLOSED,2026-08-22T00:10:58.677Z,2026-08-22T00:25:11.623Z,0.288,0.287145,BID,0.288,0.289,0.347,ASK,0.2856,0.287,0.4889975550122099,30.47,105.81208333,101.5796,0.3,101.0183,0.2834,0.2829,1787357457078,1787358311485,1.597,0.9454,0.2969,0.1769,0.0905,0.0539,852946,MEXC above DEX anchor,trailing_stop
OPEN,453e2f48-653e-4d22-b48c-bfb611328276,BASECAT_USDT,LONG,OPEN,2026-08-22T00:28:02.671Z,,0.03263,,ASK,0.03254,0.03263,0.276,,,,,30.31,928.76156911,101.0183,0.3,,0.03314,,1787358481591,,1.563,,,,,,,MEXC below DEX anchor,
CLOSE,453e2f48-653e-4d22-b48c-bfb611328276,BASECAT_USDT,LONG,CLOSED,2026-08-22T00:28:02.671Z,2026-08-22T00:28:10.637Z,0.03263,0.032011,ASK,0.03254,0.03263,0.276,BID,0.03185,0.03198,0.4073319755600758,30.31,928.76156911,101.0183,0.3,100.4069,0.03314,0.03314,1787358481591,1787358489593,1.563,3.6273,-1.8972,-2.0172,-0.575,-0.6114,7966,MEXC below DEX anchor,stop_loss
OPEN,8a4cca2e-0149-4647-9ba2-06b92382acea,JIMOTHY_USDT,LONG,OPEN,2026-08-22T00:37:39.457Z,,0.01316,,ASK,0.01314,0.01316,0.152,,,,,30.12,2288.91109422,100.4069,0.3,,0.0134,,1787359057834,,1.824,,,,,,,MEXC below DEX anchor,
CLOSE,8a4cca2e-0149-4647-9ba2-06b92382acea,JIMOTHY_USDT,LONG,CLOSED,2026-08-22T00:37:39.457Z,2026-08-22T00:39:08.798Z,0.01316,0.01322,ASK,0.01314,0.01316,0.152,BID,0.01322,0.01326,0.3021148036253653,30.12,2288.91109422,100.4069,0.3,100.5081,0.0134,0.01308,1787359057834,1787359147883,1.824,-1.3575,0.4559,0.3359,0.1373,0.1012,89341,MEXC below DEX anchor,mean_reverted_profit
OPEN,9a8c40d3-e887-47a7-b52f-d2f76b78da57,JIMOTHY_USDT,LONG,OPEN,2026-08-22T00:42:02.056Z,,0.01302,,ASK,0.012984,0.01302,0.277,,,,,30.15,2315.85483871,100.5081,0.3,,0.01318,,1787359321953,,1.229,,,,,,,MEXC below DEX anchor,
CLOSE,9a8c40d3-e887-47a7-b52f-d2f76b78da57,JIMOTHY_USDT,LONG,CLOSED,2026-08-22T00:42:02.056Z,2026-08-22T00:43:05.283Z,0.01302,0.012773,ASK,0.012984,0.01302,0.277,BID,0.012775,0.012787,0.09388936702918284,30.15,2315.85483871,100.5081,0.3,99.9004,0.01318,0.01309,1787359321953,1787359383975,1.229,2.3696,-1.8954,-2.0154,-0.5715,-0.6077,63227,MEXC below DEX anchor,stop_loss
OPEN,b9dc064f-f04a-481d-81d0-64475d5f1b41,ANSEM_USDT,SHORT,OPEN,2026-08-22T00:47:53.787Z,,0.2878,,BID,0.2878,0.288,0.069,,,,,29.97,104.1352328,99.9004,0.3,,0.2843,,1787359672108,,1.216,,,,,,,MEXC above DEX anchor,
OPEN,97fef02d-b9b3-4cff-853d-8828e5d7e653,TOAD_USDT,LONG,OPEN,2026-08-22T00:56:46.908Z,,0.007808,,ASK,0.007787,0.007808,0.269,,,,,29.97,3838.38627049,99.9004,0.3,,0.007911,,1787360206337,,1.319,,,,,,,MEXC below DEX anchor,
CLOSE,97fef02d-b9b3-4cff-853d-8828e5d7e653,TOAD_USDT,LONG,CLOSED,2026-08-22T00:56:46.908Z,2026-08-22T00:57:18.278Z,0.007808,0.007872,ASK,0.007787,0.007808,0.269,BID,0.007872,0.00795,0.9859689040576405,29.97,3838.38627049,99.9004,0.3,100.1101,0.007911,0.007908,1787360206337,1787360236351,1.319,-0.5283,0.8197,0.6997,0.2457,0.2097,31370,MEXC below DEX anchor,mean_reverted_profit
OPEN,fa145474-b314-4bde-9e5b-bad8563d8018,BEAT_USDT,LONG,OPEN,2026-08-22T01:01:42.351Z,,0.1787,,ASK,0.1786,0.1787,0.056,,,,,30.03,168.06396195,100.1101,0.3,,0.1812,,1787360500526,,1.399,,,,,,,MEXC below DEX anchor,
CLOSE,b9dc064f-f04a-481d-81d0-64475d5f1b41,ANSEM_USDT,SHORT,CLOSED,2026-08-22T00:47:53.787Z,2026-08-22T01:02:55.056Z,0.2878,0.2887,BID,0.2878,0.288,0.069,ASK,0.2878,0.2887,0.31222896790980464,29.97,104.1352328,99.9004,0.3,99.9804,0.2843,0.2844,1787359672108,1787360574511,1.216,1.1814,-0.3127,-0.4327,-0.0937,-0.1297,901269,MEXC above DEX anchor,timeout
CLOSE,fa145474-b314-4bde-9e5b-bad8563d8018,BEAT_USDT,LONG,CLOSED,2026-08-22T01:01:42.351Z,2026-08-22T01:03:08.490Z,0.1787,0.175308,ASK,0.1786,0.1787,0.056,BID,0.1742,0.1743,0.05738880918221907,30.03,168.06396195,100.1101,0.3,99.3743,0.1812,0.1784,1787360500526,1787360586566,1.399,2.3523,-1.8984,-2.0184,-0.5701,-0.6061,86139,MEXC below DEX anchor,stop_loss
OPEN,014745e2-a9f4-4117-929b-1d12ac3f12f0,JIMOTHY_USDT,LONG,OPEN,2026-08-22T01:03:55.202Z,,0.013231,,ASK,0.01322,0.013231,0.083,,,,,29.81,2253.21517648,99.3743,0.3,,0.01339,,1787360634543,,1.202,,,,,,,MEXC below DEX anchor,
CLOSE,014745e2-a9f4-4117-929b-1d12ac3f12f0,JIMOTHY_USDT,LONG,CLOSED,2026-08-22T01:03:55.202Z,2026-08-22T01:05:05.656Z,0.013231,0.013247,ASK,0.01322,0.013231,0.083,BID,0.01312,0.01315,0.22839741149600695,29.81,2253.21517648,99.3743,0.3,99.374,0.01339,0.0134,1787360634543,1787360702580,1.202,1.9011,0.119,-0.001,0.0355,-0.0003,70454,MEXC below DEX anchor,trailing_stop
OPEN,f348bcb2-562a-4b71-b54b-e98f13cd361f,JIMOTHY_USDT,LONG,OPEN,2026-08-22T01:06:29.147Z,,0.0131,,ASK,0.01306,0.0131,0.306,,,,,29.81,2275.74045802,99.374,0.3,,0.01342,,1787360788621,,2.443,,,,,,,MEXC below DEX anchor,
OPEN,38803c9c-a1ee-40b6-8be9-3f574dd209c6,ANSEM_USDT,SHORT,OPEN,2026-08-22T01:09:29.561Z,,0.2912,,BID,0.2912,0.292,0.274,,,,,29.81,102.37706044,99.374,0.3,,0.2852,,1787360968688,,2.06,,,,,,,MEXC above DEX anchor,
CLOSE,f348bcb2-562a-4b71-b54b-e98f13cd361f,JIMOTHY_USDT,LONG,CLOSED,2026-08-22T01:06:29.147Z,2026-08-22T01:17:33.070Z,0.0131,0.01316,ASK,0.01306,0.0131,0.306,BID,0.01316,0.0132,0.30349013657056223,29.81,2275.74045802,99.374,0.3,99.4748,0.01342,0.013,1787360788621,1787361452914,2.443,-1.5152,0.458,0.338,0.1365,0.1008,663923,MEXC below DEX anchor,mean_reverted_profit
OPEN,b793b0ea-6966-45e3-bef1-ff8ef1903ea6,JIMOTHY_USDT,LONG,OPEN,2026-08-22T01:21:46.396Z,,0.01324,,ASK,0.01322,0.01324,0.151,,,,,29.84,2253.96072508,99.4748,0.3,,0.01344,,1787361705048,,1.511,,,,,,,MEXC below DEX anchor,
CLOSE,38803c9c-a1ee-40b6-8be9-3f574dd209c6,ANSEM_USDT,SHORT,CLOSED,2026-08-22T01:09:29.561Z,2026-08-22T01:24:30.957Z,0.2912,0.2945,BID,0.2912,0.292,0.274,ASK,0.2935,0.2945,0.34013605442176903,29.81,102.37706044,99.374,0.3,99.1012,0.2852,0.2905,1787360968688,1787361869119,2.06,1.0221,-1.1332,-1.2532,-0.3378,-0.3736,901396,MEXC above DEX anchor,timeout
CLOSE,b793b0ea-6966-45e3-bef1-ff8ef1903ea6,JIMOTHY_USDT,LONG,CLOSED,2026-08-22T01:21:46.396Z,2026-08-22T01:27:36.851Z,0.01324,0.013267,ASK,0.01322,0.01324,0.151,BID,0.013183,0.01322,0.28027118130515905,29.84,2253.96072508,99.4748,0.3,99.1256,0.01344,0.01344,1787361705048,1787362055202,1.511,1.6641,0.2018,0.0818,0.0602,0.0244,350455,MEXC below DEX anchor,trailing_stop
OPEN,c5523186-ea68-48b4-b132-15235fa71adb,JIMOTHY_USDT,LONG,OPEN,2026-08-22T01:28:16.135Z,,0.01324,,ASK,0.013201,0.01324,0.295,,,,,29.74,2246.04833837,99.1256,0.3,,0.01343,,1787362095221,,1.435,,,,,,,MEXC below DEX anchor,
CLOSE,c5523186-ea68-48b4-b132-15235fa71adb,JIMOTHY_USDT,LONG,CLOSED,2026-08-22T01:28:16.135Z,2026-08-22T01:31:22.236Z,0.01324,0.013407,ASK,0.013201,0.01324,0.295,BID,0.01334,0.01338,0.2994011976047912,29.74,2246.04833837,99.1256,0.3,99.4641,0.01343,0.01353,1787362095221,1787362281321,1.435,1.1211,1.2582,1.1382,0.3742,0.3385,186101,MEXC below DEX anchor,trailing_stop
OPEN,56e02052-e349-4dd2-858f-09d3a8d39b61,JIMOTHY_USDT,LONG,OPEN,2026-08-22T01:32:25.201Z,,0.0134,,ASK,0.013375,0.0134,0.187,,,,,29.84,2226.80820896,99.4641,0.3,,0.01361,,1787362343343,,1.567,,,,,,,MEXC below DEX anchor,
CLOSE,56e02052-e349-4dd2-858f-09d3a8d39b61,JIMOTHY_USDT,LONG,CLOSED,2026-08-22T01:32:25.201Z,2026-08-22T01:32:43.555Z,0.0134,0.013427,ASK,0.013375,0.0134,0.187,BID,0.0134,0.01344,0.29806259314456107,29.84,2226.80820896,99.4641,0.3,99.4874,0.01361,0.01361,1787362343343,1787362363352,1.567,1.2649,0.1982,0.0782,0.0591,0.0233,18354,MEXC below DEX anchor,trailing_stop
OPEN,f21bcd10-1609-419d-9b10-3e203e233016,JIMOTHY_USDT,LONG,OPEN,2026-08-22T01:33:46.393Z,,0.0132,,ASK,0.01316,0.0132,0.303,,,,,29.85,2261.07727273,99.4874,0.3,,0.01353,,1787362425374,,2.5,,,,,,,MEXC below DEX anchor,
CLOSE,f21bcd10-1609-419d-9b10-3e203e233016,JIMOTHY_USDT,LONG,CLOSED,2026-08-22T01:33:46.393Z,2026-08-22T01:34:28.153Z,0.0132,0.012949,ASK,0.01316,0.0132,0.303,BID,0.01292,0.01296,0.3091190108191662,29.85,2261.07727273,99.4874,0.3,98.8841,0.01353,0.01337,1787362425374,1787362467389,2.5,3.1636,-1.9012,-2.0212,-0.5675,-0.6033,41760,MEXC below DEX anchor,stop_loss
OPEN,2f34086d-fe0a-4b7d-a4c2-d328545740dd,JIMOTHY_USDT,LONG,OPEN,2026-08-22T01:51:44.008Z,,0.01244,,ASK,0.0124,0.01244,0.322,,,,,29.67,2384.664791,98.8841,0.3,,0.01267,,1787363503856,,1.849,,,,,,,MEXC below DEX anchor,
CLOSE,2f34086d-fe0a-4b7d-a4c2-d328545740dd,JIMOTHY_USDT,LONG,CLOSED,2026-08-22T01:51:44.008Z,2026-08-22T01:53:10.195Z,0.01244,0.012204,ASK,0.0124,0.01244,0.322,BID,0.0122,0.012215,0.12287528158918197,29.67,2384.664791,98.8841,0.3,98.2851,0.01267,0.01242,1787363503856,1787363589911,1.849,1.6783,-1.8988,-2.0188,-0.5634,-0.599,86187,MEXC below DEX anchor,stop_loss
OPEN,4f4a4d3d-f8f8-43a2-8f4b-49fae68a7349,ZEN_USDT,SHORT,OPEN,2026-08-22T01:55:39.688Z,,5.54,,BID,5.54,5.541,0.018,,,,,29.49,5.32229783,98.2851,0.3,,5.47,,1787363738001,,1.264,,,,,,,MEXC above DEX anchor,
CLOSE,4f4a4d3d-f8f8-43a2-8f4b-49fae68a7349,ZEN_USDT,SHORT,CLOSED,2026-08-22T01:55:39.688Z,2026-08-22T02:03:08.823Z,5.54,5.64536,BID,5.54,5.541,0.018,ASK,5.655,5.656,0.017681902572707027,29.49,5.32229783,98.2851,0.3,97.6889,5.47,5.57,1787363738001,1787364188196,1.264,1.5031,-1.9018,-2.0218,-0.5608,-0.5962,449135,MEXC above DEX anchor,stop_loss
OPEN,5defba5d-02e4-41eb-bca3-4ae71f7b66ab,ICP_USDT,SHORT,OPEN,2026-08-22T02:19:10.143Z,,2.595,,BID,2.595,2.596,0.039,,,,,29.31,11.29351445,97.6889,0.3,,2.56,,1787365148668,,1.349,,,,,,,MEXC above DEX anchor,
CLOSE,5defba5d-02e4-41eb-bca3-4ae71f7b66ab,ICP_USDT,SHORT,CLOSED,2026-08-22T02:19:10.143Z,2026-08-22T02:34:10.518Z,2.595,2.619,BID,2.595,2.596,0.039,ASK,2.618,2.619,0.03818980332252564,29.31,11.29351445,97.6889,0.3,97.3827,2.56,2.61,1787365148668,1787366049095,1.349,0.3056,-0.9249,-1.0449,-0.2711,-0.3062,900375,MEXC above DEX anchor,timeout
OPEN,abb75808-17e9-4eed-8120-0c0a23a9d4fe,CATE_USDT,SHORT,OPEN,2026-08-22T02:37:40.158Z,,0.0634,,BID,0.0634,0.0635,0.158,,,,,29.21,460.80141956,97.3827,0.3,,0.06168,,1787366259148,,2.713,,,,,,,MEXC above DEX anchor,
OPEN,3d615bc5-8ab1-4eef-a8c7-868a1987748d,BASECAT_USDT,SHORT,OPEN,2026-08-22T02:37:40.207Z,,0.0361,,BID,0.0361,0.0362,0.277,,,,,29.21,809.27451524,97.3827,0.3,,0.03566,,1787366259177,,1.219,,,,,,,MEXC above DEX anchor,
CLOSE,abb75808-17e9-4eed-8120-0c0a23a9d4fe,CATE_USDT,SHORT,CLOSED,2026-08-22T02:37:40.158Z,2026-08-22T02:38:09.031Z,0.0634,0.063051,BID,0.0634,0.0635,0.158,ASK,0.062959,0.063104,0.23004370830456577,29.21,460.80141956,97.3827,0.3,97.5084,0.06168,0.06318,1787366259148,1787366287151,2.713,-0.351,0.5505,0.4305,0.1608,0.1257,28873,MEXC above DEX anchor,trailing_stop
CLOSE,3d615bc5-8ab1-4eef-a8c7-868a1987748d,BASECAT_USDT,SHORT,CLOSED,2026-08-22T02:37:40.207Z,2026-08-22T02:39:40.674Z,0.0361,0.036787,BID,0.0361,0.0362,0.277,ASK,0.0368,0.0369,0.2713704206241597,29.21,809.27451524,97.3827,0.3,96.9177,0.03566,0.03598,1787366259177,1787366379210,1.219,2.2283,-1.9024,-2.0224,-0.5557,-0.5907,120467,MEXC above DEX anchor,stop_loss
OPEN,c82cdf0a-9d36-43ae-a447-3d0e59dfbb5e,CATE_USDT,SHORT,OPEN,2026-08-22T02:45:36.532Z,,0.06296,,BID,0.06296,0.063,0.064,,,,,29.08,461.80606734,96.9177,0.3,,0.06161,,1787366735320,,2.144,,,,,,,MEXC above DEX anchor,
CLOSE,c82cdf0a-9d36-43ae-a447-3d0e59dfbb5e,CATE_USDT,SHORT,CLOSED,2026-08-22T02:45:36.532Z,2026-08-22T02:46:23.915Z,0.06296,0.0626,BID,0.06296,0.063,0.064,ASK,0.0625,0.0626,0.15987210231815008,29.08,461.80606734,96.9177,0.3,97.0491,0.06161,0.06235,1787366735320,1787366783339,2.144,0.24,0.5718,0.4518,0.1663,0.1314,47383,MEXC above DEX anchor,mean_reverted_profit
OPEN,033e6d86-2f50-4447-80ee-d1bb68244789,TOAD_USDT,SHORT,OPEN,2026-08-22T02:50:08.663Z,,0.008251,,BID,0.008251,0.008264,0.157,,,,,29.11,3528.63046903,97.0491,0.3,,0.00815,,1787367007444,,1.224,,,,,,,MEXC above DEX anchor,
CLOSE,033e6d86-2f50-4447-80ee-d1bb68244789,TOAD_USDT,SHORT,CLOSED,2026-08-22T02:50:08.663Z,2026-08-22T02:51:58.745Z,0.008251,0.008408,BID,0.008251,0.008264,0.157,ASK,0.0084,0.008471,0.8416809910497292,29.11,3528.63046903,97.0491,0.3,96.4589,0.00815,0.008195,1787367007444,1787367117495,1.224,2.4405,-1.9076,-2.0276,-0.5553,-0.5902,110082,MEXC above DEX anchor,stop_loss
OPEN,d73402a9-b891-4033-8c04-d6c90432d3f6,CATE_USDT,SHORT,OPEN,2026-08-22T02:51:58.911Z,,0.06298,,BID,0.06298,0.063,0.032,,,,,28.94,459.47395999,96.4589,0.3,,0.06097,,1787367117495,,3.191,,,,,,,MEXC above DEX anchor,
CLOSE,d73402a9-b891-4033-8c04-d6c90432d3f6,CATE_USDT,SHORT,CLOSED,2026-08-22T02:51:58.911Z,2026-08-22T02:52:43.656Z,0.06298,0.061652,BID,0.06298,0.063,0.032,ASK,0.061401,0.061652,0.4079542961163096,28.94,459.47395999,96.4589,0.3,97.0344,0.06097,0.06211,1787367117495,1787367163522,3.191,-1.1547,2.1086,1.9886,0.6102,0.5755,44745,MEXC above DEX anchor,mean_reverted_profit
OPEN,39d926b1-cf8b-4781-862d-7b1a2e636f37,CATE_USDT,SHORT,OPEN,2026-08-22T02:53:56.834Z,,0.06224,,BID,0.06224,0.06245,0.337,,,,,29.11,467.71079692,97.0344,0.3,,0.06147,,1787367235567,,1.237,,,,,,,MEXC above DEX anchor,
CLOSE,39d926b1-cf8b-4781-862d-7b1a2e636f37,CATE_USDT,SHORT,CLOSED,2026-08-22T02:53:56.834Z,2026-08-22T02:55:15.301Z,0.06224,0.062099,BID,0.06224,0.06245,0.337,ASK,0.061886,0.062099,0.34358995039723333,29.11,467.71079692,97.0344,0.3,97.0654,0.06147,0.06181,1787367235567,1787367313608,1.237,0.1228,0.2265,0.1065,0.0659,0.031,78467,MEXC above DEX anchor,mean_reverted_profit
OPEN,c4e00978-773e-4064-b023-d427340f3715,CATE_USDT,SHORT,OPEN,2026-08-22T02:56:39.106Z,,0.062715,,BID,0.062715,0.0628,0.135,,,,,29.12,464.31667065,97.0654,0.3,,0.06196,,1787367397641,,1.204,,,,,,,MEXC above DEX anchor,
CLOSE,c4e00978-773e-4064-b023-d427340f3715,CATE_USDT,SHORT,CLOSED,2026-08-22T02:56:39.106Z,2026-08-22T02:57:44.500Z,0.062715,0.062574,BID,0.062715,0.0628,0.135,ASK,0.06232,0.062574,0.40674491969190546,29.12,464.31667065,97.0654,0.3,97.0959,0.06196,0.06221,1787367397641,1787367463666,1.204,0.1765,0.2248,0.1048,0.0655,0.0305,65394,MEXC above DEX anchor,mean_reverted_profit
OPEN,bb31c511-6eda-430b-a9c8-bc8460751a4b,ZEN_USDT,LONG,OPEN,2026-08-22T03:08:50.127Z,,5.908,,ASK,5.905,5.908,0.051,,,,,29.13,4.93039438,97.0959,0.3,,5.98,,1787368130031,,1.219,,,,,,,MEXC below DEX anchor,
CLOSE,bb31c511-6eda-430b-a9c8-bc8460751a4b,ZEN_USDT,LONG,CLOSED,2026-08-22T03:08:50.127Z,2026-08-22T03:11:11.804Z,5.908,5.795854,ASK,5.905,5.908,0.051,BID,5.789,5.791,0.03454231433507198,29.13,4.93039438,97.0959,0.3,96.508,5.98,5.87,1787368130031,1787368270100,1.219,1.3642,-1.8982,-2.0182,-0.5529,-0.5879,141677,MEXC below DEX anchor,stop_loss
OPEN,12a8033e-8795-4849-8428-5e2181014260,CATE_USDT,SHORT,OPEN,2026-08-22T03:12:51.651Z,,0.061462,,BID,0.061462,0.0615,0.062,,,,,28.95,471.06179428,96.508,0.3,,0.06034,,1787368370123,,1.826,,,,,,,MEXC above DEX anchor,
CLOSE,12a8033e-8795-4849-8428-5e2181014260,CATE_USDT,SHORT,CLOSED,2026-08-22T03:12:51.651Z,2026-08-22T03:14:02.157Z,0.061462,0.061307,BID,0.061462,0.0615,0.062,ASK,0.06111,0.061307,0.32185072334725195,28.95,471.06179428,96.508,0.3,96.5463,0.06034,0.06097,1787368370123,1787368442147,1.826,0.2291,0.2522,0.1322,0.073,0.0383,70506,MEXC above DEX anchor,mean_reverted_profit
OPEN,3790bf23-54fb-4aa3-918e-97cf92e25a53,CATE_USDT,SHORT,OPEN,2026-08-22T03:16:52.286Z,,0.06059,,BID,0.06059,0.060737,0.242,,,,,28.96,478.03086318,96.5463,0.3,,0.05947,,1787368612227,,1.848,,,,,,,MEXC above DEX anchor,
CLOSE,3790bf23-54fb-4aa3-918e-97cf92e25a53,CATE_USDT,SHORT,CLOSED,2026-08-22T03:16:52.286Z,2026-08-22T03:21:19.474Z,0.06059,0.061743,BID,0.06059,0.060737,0.242,ASK,0.061612,0.06176,0.2399247803391406,28.96,478.03086318,96.5463,0.3,95.9606,0.05947,0.06118,1787368612227,1787368878348,1.848,0.7012,-1.9024,-2.0224,-0.5509,-0.5857,267188,MEXC above DEX anchor,stop_loss
OPEN,1df810a8-1326-4dec-b8de-ef6af51593bc,CASHCAT_USDT,SHORT,OPEN,2026-08-22T03:23:01.202Z,,0.12755,,BID,0.12755,0.12779,0.188,,,,,28.79,225.70113681,95.9606,0.3,,0.1251,,1787368980386,,1.921,,,,,,,MEXC above DEX anchor,
CLOSE,1df810a8-1326-4dec-b8de-ef6af51593bc,CASHCAT_USDT,SHORT,CLOSED,2026-08-22T03:23:01.202Z,2026-08-22T03:24:24.913Z,0.12755,0.12726,BID,0.12755,0.12779,0.188,ASK,0.12702,0.12726,0.18876828692781028,28.79,225.70113681,95.9606,0.3,95.9915,0.1251,0.1272,1787368980386,1787369064425,1.921,-0.1417,0.2274,0.1074,0.0655,0.0309,83711,MEXC above DEX anchor,mean_reverted_profit
OPEN,fba7e6cb-125a-4945-83a3-bb5e1216549d,CASHCAT_USDT,SHORT,OPEN,2026-08-22T03:26:15.130Z,,0.12788,,BID,0.12788,0.12795,0.055,,,,,28.8,225.19119487,95.9915,0.3,,0.1261,,1787369174477,,1.392,,,,,,,MEXC above DEX anchor,
CLOSE,fba7e6cb-125a-4945-83a3-bb5e1216549d,CASHCAT_USDT,SHORT,CLOSED,2026-08-22T03:26:15.130Z,2026-08-22T03:29:16.182Z,0.12788,0.130312,BID,0.12788,0.12795,0.055,ASK,0.13005,0.13021,0.12295396910781024,28.8,225.19119487,95.9915,0.3,95.4092,0.1261,0.1279,1787369174477,1787369354700,1.392,1.6532,-1.9019,-2.0219,-0.5478,-0.5823,181052,MEXC above DEX anchor,stop_loss
OPEN,e17e9e73-1473-4e77-8b6f-e348cbc90904,LIT_USDT,LONG,OPEN,2026-08-22T03:32:30.666Z,,3.1003,,ASK,3.1002,3.1003,0.003,,,,,28.62,9.23225494,95.4092,0.3,,3.15,,1787369550643,,1.603,,,,,,,MEXC below DEX anchor,
CLOSE,e17e9e73-1473-4e77-8b6f-e348cbc90904,LIT_USDT,LONG,CLOSED,2026-08-22T03:32:30.666Z,2026-08-22T03:33:33.670Z,3.1003,3.1056,ASK,3.1002,3.1003,0.003,BID,3.1056,3.1057,0.0032199378552061897,28.62,9.23225494,95.4092,0.3,95.4238,3.15,3.094,1787369550643,1787369612669,1.603,-0.3767,0.171,0.051,0.0489,0.0146,63004,MEXC below DEX anchor,mean_reverted_profit
OPEN,0b61d46b-853f-49ff-8ddd-8aff4dee8886,CATE_USDT,LONG,OPEN,2026-08-22T03:39:03.950Z,,0.063043,,ASK,0.06293,0.063043,0.179,,,,,28.63,454.08911378,95.4238,0.3,,0.06396,,1787369942832,,1.455,,,,,,,MEXC below DEX anchor,
CLOSE,0b61d46b-853f-49ff-8ddd-8aff4dee8886,CATE_USDT,LONG,CLOSED,2026-08-22T03:39:03.950Z,2026-08-22T03:39:17.057Z,0.063043,0.061846,ASK,0.06293,0.063043,0.179,BID,0.061674,0.06189,0.3496163931242124,28.63,454.08911378,95.4238,0.3,94.8459,0.06396,0.06396,1787369942832,1787369956833,1.455,3.3446,-1.8986,-2.0186,-0.5436,-0.5779,13107,MEXC below DEX anchor,stop_loss
OPEN,b1281714-8662-4b14-8126-4a39da8b2207,ZORA_USDT,SHORT,OPEN,2026-08-22T03:44:13.747Z,,0.007085,,BID,0.007085,0.007089,0.056,,,,,28.45,4016.05786874,94.8459,0.3,,0.006977,,1787370252990,,1.524,,,,,,,MEXC above DEX anchor,
CLOSE,b1281714-8662-4b14-8126-4a39da8b2207,ZORA_USDT,SHORT,CLOSED,2026-08-22T03:44:13.747Z,2026-08-22T03:44:45.159Z,0.007085,0.007052,BID,0.007085,0.007089,0.056,ASK,0.007047,0.007052,0.07092701610042976,28.45,4016.05786874,94.8459,0.3,94.9443,0.006977,0.00707,1787370252990,1787370285004,1.524,-0.3264,0.4658,0.3458,0.1325,0.0984,31412,MEXC above DEX anchor,mean_reverted_profit
OPEN,e3b9ee31-fc2b-46ab-b453-0e7c4ace8fb6,CASHCAT_USDT,SHORT,OPEN,2026-08-22T03:45:53.212Z,,0.13295,,BID,0.13295,0.13321,0.195,,,,,28.48,214.24061677,94.9443,0.3,,0.1312,,1787370351024,,1.316,,,,,,,MEXC above DEX anchor,
OPEN,eac3cea8-8825-4ab4-bd3a-61a4602a28fc,JIMOTHY_USDT,LONG,OPEN,2026-08-22T03:55:36.579Z,,0.01316,,ASK,0.01312,0.01316,0.304,,,,,28.48,2164.3837386,94.9443,0.3,,0.01334,,1787370935274,,1.368,,,,,,,MEXC below DEX anchor,
CLOSE,e3b9ee31-fc2b-46ab-b453-0e7c4ace8fb6,CASHCAT_USDT,SHORT,CLOSED,2026-08-22T03:45:53.212Z,2026-08-22T03:56:08.224Z,0.13295,0.135478,BID,0.13295,0.13321,0.195,ASK,0.13519,0.13535,0.1182819546092951,28.48,214.24061677,94.9443,0.3,94.3685,0.1312,0.1344,1787370351024,1787370967288,1.316,0.5844,-1.9017,-2.0217,-0.5416,-0.5758,615012,MEXC above DEX anchor,stop_loss
CLOSE,eac3cea8-8825-4ab4-bd3a-61a4602a28fc,JIMOTHY_USDT,LONG,CLOSED,2026-08-22T03:55:36.579Z,2026-08-22T04:00:20.068Z,0.01316,0.01328,ASK,0.01312,0.01316,0.304,BID,0.01328,0.0133,0.15048908954100215,28.48,2164.3837386,94.9443,0.3,94.594,0.01334,0.0133,1787370935274,1787371217920,1.368,0,0.9119,0.7919,0.2597,0.2255,283489,MEXC below DEX anchor,mean_reverted_profit
OPEN,1f2003cd-e3c6-4caa-b992-f3e2a25773f4,JIMOTHY_USDT,LONG,OPEN,2026-08-22T04:03:08.121Z,,0.01348,,ASK,0.01344,0.01348,0.297,,,,,28.38,2105.20771513,94.594,0.3,,0.01369,,1787371387469,,1.558,,,,,,,MEXC below DEX anchor,
CLOSE,1f2003cd-e3c6-4caa-b992-f3e2a25773f4,JIMOTHY_USDT,LONG,CLOSED,2026-08-22T04:03:08.121Z,2026-08-22T04:03:44.942Z,0.01348,0.01356,ASK,0.01344,0.01348,0.297,BID,0.01356,0.01359,0.22099447513812534,28.38,2105.20771513,94.594,0.3,94.7284,0.01369,0.01362,1787371387469,1787371423483,1.558,0.2208,0.5935,0.4735,0.1684,0.1344,36821,MEXC below DEX anchor,mean_reverted_profit
OPEN,1599ed48-a198-4f36-888c-b9f7e5be8f47,MARSCOIN_USDT,SHORT,OPEN,2026-08-22T04:27:38.929Z,,0.03476,,BID,0.03476,0.0348,0.115,,,,,28.42,817.56386651,94.7284,0.3,,0.03434,,1787372858235,,1.208,,,,,,,MEXC above DEX anchor,
CLOSE,1599ed48-a198-4f36-888c-b9f7e5be8f47,MARSCOIN_USDT,SHORT,CLOSED,2026-08-22T04:27:38.929Z,2026-08-22T04:27:51.990Z,0.03476,0.034457,BID,0.03476,0.0348,0.115,ASK,0.03411,0.03454,1.2527312454479238,28.42,817.56386651,94.7284,0.3,94.9417,0.03434,0.03434,1787372858235,1787372870254,1.208,-0.6743,0.8705,0.7505,0.2474,0.2133,13061,MEXC above DEX anchor,trailing_stop
OPEN,3bbf371d-23b1-45a8-a5f9-61b5d8aa2397,JIMOTHY_USDT,SHORT,OPEN,2026-08-22T04:32:36.174Z,,0.0134,,BID,0.0134,0.01344,0.298,,,,,28.48,2125.56044776,94.9417,0.3,,0.01323,,1787373154317,,1.269,,,,,,,MEXC above DEX anchor,
CLOSE,3bbf371d-23b1-45a8-a5f9-61b5d8aa2397,JIMOTHY_USDT,SHORT,CLOSED,2026-08-22T04:32:36.174Z,2026-08-22T04:36:39.073Z,0.0134,0.013655,BID,0.0134,0.01344,0.298,ASK,0.01362,0.01366,0.2932551319648102,28.48,2125.56044776,94.9417,0.3,94.3663,0.01323,0.01358,1787373154317,1787373398424,1.269,0.2937,-1.9003,-2.0203,-0.5412,-0.5754,242899,MEXC above DEX anchor,stop_loss
OPEN,7f110559-990d-4363-8080-4fe9d5a1d305,BASECAT_USDT,SHORT,OPEN,2026-08-22T04:42:57.336Z,,0.03462,,BID,0.03462,0.03472,0.288,,,,,28.31,817.7322357,94.3663,0.3,,0.03418,,1787373776596,,1.271,,,,,,,MEXC above DEX anchor,
CLOSE,7f110559-990d-4363-8080-4fe9d5a1d305,BASECAT_USDT,SHORT,CLOSED,2026-08-22T04:42:57.336Z,2026-08-22T04:43:07.821Z,0.03462,0.035278,BID,0.03462,0.03472,0.288,ASK,0.0356,0.0358,0.560224089635851,28.31,817.7322357,94.3663,0.3,93.7941,0.03418,0.03418,1787373776596,1787373786594,1.271,3.9888,-1.9013,-2.0213,-0.5383,-0.5722,10485,MEXC above DEX anchor,stop_loss
OPEN,52693337-4aef-4cc7-85ba-fcd102e399f8,MARSCOIN_USDT,SHORT,OPEN,2026-08-22T04:45:37.115Z,,0.034,,BID,0.034,0.03411,0.323,,,,,28.14,827.595,93.7941,0.3,,0.03357,,1787373936664,,1.265,,,,,,,MEXC above DEX anchor,
CLOSE,52693337-4aef-4cc7-85ba-fcd102e399f8,MARSCOIN_USDT,SHORT,CLOSED,2026-08-22T04:45:37.115Z,2026-08-22T04:47:45.496Z,0.034,0.034647,BID,0.034,0.03411,0.323,ASK,0.03459,0.03498,1.121172919361778,28.14,827.595,93.7941,0.3,93.2252,0.03357,0.03384,1787373936664,1787374064724,1.265,2.1683,-1.9018,-2.0218,-0.5352,-0.5689,128381,MEXC above DEX anchor,stop_loss
OPEN,05c369f6-a8b5-4407-941c-578634a2ebd5,EYE_USDT,SHORT,OPEN,2026-08-22T04:48:38.525Z,,0.001438,,BID,0.001438,0.001443,0.347,,,,,27.97,19448.92906815,93.2252,0.3,,0.001417,,1787374116708,,1.46,,,,,,,MEXC above DEX anchor,
CLOSE,05c369f6-a8b5-4407-941c-578634a2ebd5,EYE_USDT,SHORT,CLOSED,2026-08-22T04:48:38.525Z,2026-08-22T04:51:08.540Z,0.001438,0.001423,BID,0.001438,0.001443,0.347,ASK,0.001417,0.001423,0.42253521126760063,27.97,19448.92906815,93.2252,0.3,93.4834,0.001417,0.001418,1787374116708,1787374266780,1.46,-0.0706,1.0431,0.9231,0.2918,0.2582,150015,MEXC above DEX anchor,mean_reverted_profit
OPEN,b0982ea4-7438-48b4-8660-5a1669fde065,BEAT_USDT,LONG,OPEN,2026-08-22T04:53:38.538Z,,0.1943,,ASK,0.1942,0.1943,0.051,,,,,28.05,144.3387545,93.4834,0.3,,0.1967,,1787374416887,,1.235,,,,,,,MEXC below DEX anchor,
CLOSE,b0982ea4-7438-48b4-8660-5a1669fde065,BEAT_USDT,LONG,CLOSED,2026-08-22T04:53:38.538Z,2026-08-22T04:55:02.393Z,0.1943,0.1947,ASK,0.1942,0.1943,0.051,BID,0.1947,0.1948,0.05134788189986597,28.05,144.3387545,93.4834,0.3,93.5075,0.1967,0.1943,1787374416887,1787374500923,1.235,-0.2567,0.2059,0.0859,0.0577,0.0241,83855,MEXC below DEX anchor,mean_reverted_profit
OPEN,75385699-6fbf-4f57-ba15-3225d715f117,BEAT_USDT,SHORT,OPEN,2026-08-22T04:57:26.855Z,,0.197,,BID,0.197,0.1971,0.051,,,,,28.05,142.39720812,93.5075,0.3,,0.1943,,1787374644981,,1.371,,,,,,,MEXC above DEX anchor,
OPEN,f5641c2e-4884-43fc-80d3-c6a2f5f897c8,JIMOTHY_USDT,SHORT,OPEN,2026-08-22T04:57:44.844Z,,0.013623,,BID,0.013623,0.01366,0.271,,,,,28.05,2059.18299934,93.5075,0.3,,0.01344,,1787374662948,,1.343,,,,,,,MEXC above DEX anchor,
CLOSE,75385699-6fbf-4f57-ba15-3225d715f117,BEAT_USDT,SHORT,CLOSED,2026-08-22T04:57:26.855Z,2026-08-22T04:58:24.547Z,0.197,0.1965,BID,0.197,0.1971,0.051,ASK,0.1964,0.1965,0.050903537795885336,28.05,142.39720812,93.5075,0.3,93.545,0.1943,0.1985,1787374644981,1787374703006,1.371,-1.0692,0.2538,0.1338,0.0712,0.0375,57692,MEXC above DEX anchor,mean_reverted_profit
CLOSE,f5641c2e-4884-43fc-80d3-c6a2f5f897c8,JIMOTHY_USDT,SHORT,CLOSED,2026-08-22T04:57:44.844Z,2026-08-22T04:58:37.282Z,0.013623,0.01352,BID,0.013623,0.01366,0.271,ASK,0.01348,0.01352,0.296296296296297,28.05,2059.18299934,93.5075,0.3,93.7234,0.01344,0.01349,1787374662948,1787374716967,1.343,-0.0742,0.7561,0.6361,0.2121,0.1784,52438,MEXC above DEX anchor,mean_reverted_profit
OPEN,9f12a3d2-b2b2-41b1-bb9a-048e15e801bd,ZAMA_USDT,SHORT,OPEN,2026-08-22T04:59:06.613Z,,0.06185,,BID,0.06185,0.06187,0.032,,,,,28.12,454.60016168,93.7234,0.3,,0.06096,,1787374745041,,1.439,,,,,,,MEXC above DEX anchor,
CLOSE,9f12a3d2-b2b2-41b1-bb9a-048e15e801bd,ZAMA_USDT,SHORT,CLOSED,2026-08-22T04:59:06.613Z,2026-08-22T05:01:07.710Z,0.06185,0.06172,BID,0.06185,0.06187,0.032,ASK,0.06171,0.06172,0.01620351616300109,28.12,454.60016168,93.7234,0.3,93.7488,0.06096,0.0618,1787374745041,1787374867113,1.439,-0.1458,0.2102,0.0902,0.0591,0.0254,121097,MEXC above DEX anchor,mean_reverted_profit
OPEN,d6adefd5-db42-4aff-9942-84f826dc2f36,ARX_USDT,SHORT,OPEN,2026-08-22T05:03:13.793Z,,0.1366,,BID,0.1366,0.1367,0.073,,,,,28.12,205.89048316,93.7488,0.3,,0.1338,,1787374993120,,2.05,,,,,,,MEXC above DEX anchor,
OPEN,fbde340d-cfb0-43da-92cf-ed709f5b0d09,JIMOTHY_USDT,SHORT,OPEN,2026-08-22T05:04:21.652Z,,0.01326,,BID,0.01326,0.0133,0.301,,,,,28.12,2121.01357466,93.7488,0.3,,0.01304,,1787375061144,,1.659,,,,,,,MEXC above DEX anchor,
CLOSE,fbde340d-cfb0-43da-92cf-ed709f5b0d09,JIMOTHY_USDT,SHORT,CLOSED,2026-08-22T05:04:21.652Z,2026-08-22T05:06:06.840Z,0.01326,0.013032,BID,0.01326,0.0133,0.301,ASK,0.01298,0.01302,0.3076923076923085,28.12,2121.01357466,93.7488,0.3,94.1985,0.01304,0.01286,1787375061144,1787375165186,1.659,0.9245,1.7193,1.5993,0.4835,0.4497,105188,MEXC above DEX anchor,trailing_stop
OPEN,bd5890a3-d3ec-4be3-8ee4-92601789b878,BEAT_USDT,SHORT,OPEN,2026-08-22T05:06:54.696Z,,0.2012,,BID,0.2012,0.2013,0.05,,,,,28.26,140.45501988,94.1985,0.3,,0.1978,,1787375213251,,1.69,,,,,,,MEXC above DEX anchor,
CLOSE,bd5890a3-d3ec-4be3-8ee4-92601789b878,BEAT_USDT,SHORT,CLOSED,2026-08-22T05:06:54.696Z,2026-08-22T05:07:47.621Z,0.2012,0.2002,BID,0.2012,0.2013,0.05,ASK,0.2001,0.2002,0.049962528103916555,28.26,140.45501988,94.1985,0.3,94.305,0.1978,0.202,1787375213251,1787375267305,1.69,-0.9495,0.497,0.377,0.1405,0.1065,52925,MEXC above DEX anchor,mean_reverted_profit
OPEN,29ff7eec-7db0-4eac-b09b-105445acb86f,ZRO_USDT,LONG,OPEN,2026-08-22T05:08:03.622Z,,1.0448,,ASK,1.0447,1.0448,0.01,,,,,28.29,27.07838821,94.305,0.3,,1.06,,1787375283265,,1.455,,,,,,,MEXC below DEX anchor,
CLOSE,d6adefd5-db42-4aff-9942-84f826dc2f36,ARX_USDT,SHORT,CLOSED,2026-08-22T05:03:13.793Z,2026-08-22T05:08:32.415Z,0.1366,0.1359,BID,0.1366,0.1367,0.073,ASK,0.1358,0.1359,0.07361059992638129,28.12,205.89048316,93.7488,0.3,94.4154,0.1338,0.1364,1787374993120,1787375311259,2.05,-0.4418,0.5124,0.3924,0.1441,0.1104,318622,MEXC above DEX anchor,mean_reverted_profit
OPEN,bd81d9d8-df70-4db6-a245-a7653323b29b,TOSHI_USDT,LONG,OPEN,2026-08-22T05:09:06.697Z,,0.000137,,ASK,0.000136,0.000137,0.147,,,,,28.32,206749.05109489,94.4154,0.3,,0.00014,,1787375345310,,2.123,,,,,,,MEXC below DEX anchor,
CLOSE,bd81d9d8-df70-4db6-a245-a7653323b29b,TOSHI_USDT,LONG,CLOSED,2026-08-22T05:09:06.697Z,2026-08-22T05:09:49.651Z,0.000137,0.000135,ASK,0.000136,0.000137,0.147,BID,0.000135,0.0001354,0.29585798816568765,28.32,206749.05109489,94.4154,0.3,93.9401,0.00014,0.0001365,1787375345310,1787375389563,2.123,0.8124,-1.5584,-1.6784,-0.4413,-0.4753,42954,MEXC below DEX anchor,stop_loss
CLOSE,29ff7eec-7db0-4eac-b09b-105445acb86f,ZRO_USDT,LONG,CLOSED,2026-08-22T05:08:03.622Z,2026-08-22T05:09:54.676Z,1.0448,1.024968,ASK,1.0447,1.0448,0.01,BID,1.0256,1.0272,0.15588464536241464,28.29,27.07838821,94.305,0.3,93.3692,1.06,1.039,1787375283265,1787375394084,1.455,1.1488,-1.8982,-2.0182,-0.537,-0.5709,111054,MEXC below DEX anchor,stop_loss
OPEN,3edec219-c2f6-440c-b2f8-454dc2142764,JIMOTHY_USDT,SHORT,OPEN,2026-08-22T05:10:31.778Z,,0.01276,,BID,0.01276,0.0128,0.313,,,,,28.01,2195.20062696,93.3692,0.3,,0.0126,,1787375431318,,1.254,,,,,,,MEXC above DEX anchor,
OPEN,03dea1d1-a69d-436a-8841-173043731c6d,ETH_USDT,LONG,OPEN,2026-08-22T05:10:39.768Z,,2445.92,,ASK,2445.77,2445.92,0.006,,,,,28.01,0.01145203,93.3692,0.3,,2491.83,,1787375439345,,1.877,,,,,,,MEXC below DEX anchor,
CLOSE,03dea1d1-a69d-436a-8841-173043731c6d,ETH_USDT,LONG,CLOSED,2026-08-22T05:10:39.768Z,2026-08-22T05:11:20.090Z,2445.92,2399.491547,ASK,2445.77,2445.92,0.006,BID,2395.18,2395.19,0.0004175042846468344,28.01,0.01145203,93.3692,0.3,92.8039,2491.83,2451.45,1787375439345,1787375479376,1.877,2.3489,-1.8982,-2.0182,-0.5317,-0.5653,40322,MEXC below DEX anchor,stop_loss
CLOSE,3edec219-c2f6-440c-b2f8-454dc2142764,JIMOTHY_USDT,SHORT,CLOSED,2026-08-22T05:10:31.778Z,2026-08-22T05:12:03.010Z,0.01276,0.012571,BID,0.01276,0.0128,0.313,ASK,0.012455,0.01256,0.8394963022186622,28.01,2195.20062696,93.3692,0.3,93.1861,0.0126,0.01159,1787375431318,1787375521995,1.254,6.945,1.4847,1.3647,0.4159,0.3822,91232,MEXC above DEX anchor,trailing_stop
OPEN,25b9466e-9d2c-4976-9d83-d8e52aabc0f1,1000BONK_USDT,LONG,OPEN,2026-08-22T05:12:19.712Z,,0.002977,,ASK,0.002976,0.002977,0.034,,,,,27.96,9390.60463554,93.1861,0.3,,0.003018,,1787375539356,,1.377,,,,,,,MEXC below DEX anchor,
CLOSE,25b9466e-9d2c-4976-9d83-d8e52aabc0f1,1000BONK_USDT,LONG,CLOSED,2026-08-22T05:12:19.712Z,2026-08-22T05:12:51.524Z,0.002977,0.003087,ASK,0.002976,0.002977,0.034,BID,0.003087,0.003088,0.03238866396761563,27.96,9390.60463554,93.1861,0.3,94.1857,0.003018,0.002999,1787375539356,1787375571373,1.377,-2.8821,3.695,3.575,1.0331,0.9996,31812,MEXC below DEX anchor,mean_reverted_profit
OPEN,17cee7a8-3c5b-4023-b4b4-e1d163bca496,LINK_USDC,LONG,OPEN,2026-08-22T05:12:51.649Z,,11.278,,ASK,11.268,11.278,0.089,,,,,28.26,2.50538305,94.1857,0.3,,11.49,,1787375571398,,1.88,,,,,,,MEXC below DEX anchor,
CLOSE,17cee7a8-3c5b-4023-b4b4-e1d163bca496,LINK_USDC,LONG,CLOSED,2026-08-22T05:12:51.649Z,2026-08-22T05:13:53.505Z,11.278,11.524751,ASK,11.268,11.278,0.089,BID,11.523,11.531,0.06940227292444603,28.26,2.50538305,94.1857,0.3,94.7701,11.49,11.66,1787375571398,1787375633436,1.88,1.1187,2.1879,2.0679,0.6183,0.5844,61856,MEXC below DEX anchor,trailing_stop
OPEN,88f019e6-e77d-42bb-b315-c2ebdd6ac144,SOL_USDC,LONG,OPEN,2026-08-22T05:13:58.533Z,,93.17,,ASK,93.16,93.17,0.011,,,,,28.43,0.30515219,94.7701,0.3,,95.58,,1787375637440,,2.587,,,,,,,MEXC below DEX anchor,
OPEN,83fff867-d5dc-49f1-ae87-f64649059c6a,SOL_USD,LONG,OPEN,2026-08-22T05:14:04.306Z,,93.34,,ASK,93.33,93.34,0.011,,,,,28.43,0.30459642,94.7701,0.3,,95.58,,1787375643437,,2.4,,,,,,,MEXC below DEX anchor,
CLOSE,88f019e6-e77d-42bb-b315-c2ebdd6ac144,SOL_USDC,LONG,CLOSED,2026-08-22T05:13:58.533Z,2026-08-22T05:15:06.359Z,93.17,94.082443,ASK,93.16,93.17,0.011,BID,93.92,93.93,0.010646792653718515,28.43,0.30515219,94.7701,0.3,95.0144,95.58,95.29,1787375637440,1787375705466,2.587,1.4479,0.9793,0.8593,0.2784,0.2443,67826,MEXC below DEX anchor,trailing_stop
CLOSE,83fff867-d5dc-49f1-ae87-f64649059c6a,SOL_USD,LONG,CLOSED,2026-08-22T05:14:04.306Z,2026-08-22T05:15:06.514Z,93.34,94.042603,ASK,93.33,93.34,0.011,BID,94.04,94.05,0.01063320750703483,28.43,0.30459642,94.7701,0.3,95.1943,95.58,95.29,1787375643437,1787375705466,2.4,1.3184,0.7527,0.6327,0.214,0.1799,62208,MEXC below DEX anchor,trailing_stop
OPEN,7fe248a2-2a71-4e57-b583-aeb0f606f7f0,PLAY_USDT,SHORT,OPEN,2026-08-22T05:15:22.929Z,,0.03626,,BID,0.03626,0.03633,0.193,,,,,28.56,787.59762824,95.1943,0.3,,0.03576,,1787375721468,,1.379,,,,,,,MEXC above DEX anchor,
CLOSE,7fe248a2-2a71-4e57-b583-aeb0f606f7f0,PLAY_USDT,SHORT,CLOSED,2026-08-22T05:15:22.929Z,2026-08-22T05:16:11.218Z,0.03626,0.03611,BID,0.03626,0.03633,0.193,ASK,0.036,0.03611,0.30508944667870175,28.56,787.59762824,95.1943,0.3,95.2782,0.03576,0.03593,1787375721468,1787375769495,1.379,0.1944,0.4137,0.2937,0.1181,0.0839,48289,MEXC above DEX anchor,mean_reverted_profit
OPEN,c5be9fe9-db8b-4bca-8b5a-0f6ebe181c8a,B3_USDT,LONG,OPEN,2026-08-22T05:17:07.786Z,,0.000475,,ASK,0.000475,0.000475,0.126,,,,,28.58,60175.70526316,95.2782,0.3,,0.000483,,1787375827516,,1.641,,,,,,,MEXC below DEX anchor,
OPEN,255af4f5-566c-4bdd-ad45-5587df3376dc,HYPE_USDC,LONG,OPEN,2026-08-22T05:17:13.535Z,,77.217,,ASK,77.155,77.217,0.08,,,,,28.58,0.37017056,95.2782,0.3,,78.66,,1787375833498,,1.869,,,,,,,MEXC below DEX anchor,
CLOSE,255af4f5-566c-4bdd-ad45-5587df3376dc,HYPE_USDC,LONG,CLOSED,2026-08-22T05:17:13.535Z,2026-08-22T05:17:32.258Z,77.217,77.726082,ASK,77.155,77.217,0.08,BID,77.66,77.677,0.021887895350122793,28.58,0.37017056,95.2782,0.3,95.4323,78.66,77.22,1787375833498,1787375851505,1.869,-0.5883,0.6593,0.5393,0.1884,0.1541,18723,MEXC below DEX anchor,trailing_stop
OPEN,179018a4-7437-4200-ba89-6a13c9cddb19,PENGU_USDT,LONG,OPEN,2026-08-22T05:17:35.157Z,,0.008292,,ASK,0.008291,0.008292,0.012,,,,,28.63,3452.68813314,95.4323,0.3,,0.008637,,1787375853507,,4.161,,,,,,,MEXC below DEX anchor,
CLOSE,c5be9fe9-db8b-4bca-8b5a-0f6ebe181c8a,B3_USDT,LONG,CLOSED,2026-08-22T05:17:07.786Z,2026-08-22T05:17:59.193Z,0.000475,0.000476,ASK,0.000475,0.000475,0.126,BID,0.0004757,0.0004768,0.23097112860891814,28.58,60175.70526316,95.2782,0.3,95.4295,0.000483,0.0004841,1787375827516,1787375877543,1.641,1.531,0.1103,-0.0097,0.0315,-0.0028,51407,MEXC below DEX anchor,trailing_stop
CLOSE,179018a4-7437-4200-ba89-6a13c9cddb19,PENGU_USDT,LONG,CLOSED,2026-08-22T05:17:35.157Z,2026-08-22T05:18:10.065Z,0.008292,0.008333,ASK,0.008291,0.008292,0.012,BID,0.008333,0.008334,0.011999760004791088,28.63,3452.68813314,95.4323,0.3,95.5355,0.008637,0.008681,1787375853507,1787375889516,4.161,4.1637,0.4903,0.3703,0.1404,0.106,34908,MEXC below DEX anchor,trailing_stop
OPEN,a62c93e6-78e4-47d0-80ae-682b06afd39e,B3_USDT,LONG,OPEN,2026-08-22T05:18:15.679Z,,0.000478,,ASK,0.000477,0.000478,0.084,,,,,28.66,59959.51882845,95.5355,0.3,,0.000484,,1787375895542,,1.319,,,,,,,MEXC below DEX anchor,
OPEN,062dd405-64fb-4000-89c9-ff5a6039e2d1,BEAT_USDT,SHORT,OPEN,2026-08-22T05:18:20.738Z,,0.1637,,BID,0.1637,0.1639,0.122,,,,,28.66,175.08032987,95.5355,0.3,,0.1589,,1787375899573,,2.932,,,,,,,MEXC above DEX anchor,
CLOSE,062dd405-64fb-4000-89c9-ff5a6039e2d1,BEAT_USDT,SHORT,CLOSED,2026-08-22T05:18:20.738Z,2026-08-22T05:18:52.835Z,0.1637,0.1616,BID,0.1637,0.1639,0.122,ASK,0.1615,0.1616,0.06190034045186567,28.66,175.08032987,95.5355,0.3,95.8688,0.1589,0.1651,1787375899573,1787375931591,2.932,-2.2291,1.2828,1.1628,0.3677,0.3333,32097,MEXC above DEX anchor,mean_reverted_profit
OPEN,9d59fb32-f957-4813-9e82-44462006120f,ZEN_USDT,LONG,OPEN,2026-08-22T05:19:03.256Z,,5.33,,ASK,5.327,5.33,0.056,,,,,28.76,5.3959925,95.8688,0.3,,5.4,,1787375941579,,1.313,,,,,,,MEXC below DEX anchor,
CLOSE,9d59fb32-f957-4813-9e82-44462006120f,ZEN_USDT,LONG,CLOSED,2026-08-22T05:19:03.256Z,2026-08-22T05:22:47.070Z,5.33,5.228826,ASK,5.327,5.33,0.056,BID,5.229,5.238,0.1719690455718036,28.76,5.3959925,95.8688,0.3,95.2884,5.4,5.37,1787375941579,1787376165961,1.313,2.52,-1.8982,-2.0182,-0.5459,-0.5804,223814,MEXC below DEX anchor,stop_loss
CLOSE,a62c93e6-78e4-47d0-80ae-682b06afd39e,B3_USDT,LONG,CLOSED,2026-08-22T05:18:15.679Z,2026-08-22T05:29:39.119Z,0.000478,0.000479,ASK,0.000477,0.000478,0.084,BID,0.000479,0.0004799,0.18771509020753405,28.66,59959.51882845,95.5355,0.3,95.314,0.000484,0.0004787,1787375895542,1787376577870,1.319,-0.2501,0.2092,0.0892,0.06,0.0256,683440,MEXC below DEX anchor,mean_reverted_profit
OPEN,02eecf69-af50-4750-8ea5-ee3f58ec6ad6,BEAT_USDT,SHORT,OPEN,2026-08-22T05:34:09.535Z,,0.1719,,BID,0.1719,0.172,0.058,,,,,28.59,166.34205934,95.314,0.3,,0.1692,,1787376848034,,1.571,,,,,,,MEXC above DEX anchor,
CLOSE,02eecf69-af50-4750-8ea5-ee3f58ec6ad6,BEAT_USDT,SHORT,CLOSED,2026-08-22T05:34:09.535Z,2026-08-22T05:34:35.925Z,0.1719,0.170781,BID,0.1719,0.172,0.058,ASK,0.1707,0.1709,0.11709601873536633,28.59,166.34205934,95.314,0.3,95.4659,0.1692,0.1703,1787376848034,1787376874051,1.571,0.2343,0.6512,0.5312,0.1862,0.1519,26390,MEXC above DEX anchor,trailing_stop
OPEN,1339cd47-8362-4f86-b6ca-899ce6743a9b,LAB_USDT,LONG,OPEN,2026-08-22T05:38:36.609Z,,0.08067,,ASK,0.0806,0.08067,0.087,,,,,28.64,355.02380067,95.4659,0.3,,0.08176,,1787377116162,,1.351,,,,,,,MEXC below DEX anchor,
CLOSE,1339cd47-8362-4f86-b6ca-899ce6743a9b,LAB_USDT,LONG,CLOSED,2026-08-22T05:38:36.609Z,2026-08-22T05:39:08.366Z,0.08067,0.08093,ASK,0.0806,0.08067,0.087,BID,0.08093,0.08103,0.1234872808100801,28.64,355.02380067,95.4659,0.3,95.5238,0.08176,0.08107,1787377116162,1787377148186,1.351,0.0494,0.3223,0.2023,0.0923,0.0579,31757,MEXC below DEX anchor,mean_reverted_profit
OPEN,2a836e62-509f-40f8-9d0d-4c5f22f0d51e,BEAT_USDT,LONG,OPEN,2026-08-22T05:40:01.798Z,,0.1624,,ASK,0.1622,0.1624,0.123,,,,,28.66,176.46022167,95.5238,0.3,,0.1671,,1787377200215,,2.894,,,,,,,MEXC below DEX anchor,
CLOSE,2a836e62-509f-40f8-9d0d-4c5f22f0d51e,BEAT_USDT,LONG,CLOSED,2026-08-22T05:40:01.798Z,2026-08-22T05:41:40.212Z,0.1624,0.159318,ASK,0.1622,0.1624,0.123,BID,0.1591,0.1592,0.06283380458687825,28.66,176.46022167,95.5238,0.3,94.9454,0.1671,0.1613,1787377200215,1787377298266,2.894,1.3191,-1.8981,-2.0181,-0.544,-0.5784,98414,MEXC below DEX anchor,stop_loss
OPEN,b24bbfbe-d497-43b4-b3ae-530ad114c137,ARX_USDT,SHORT,OPEN,2026-08-22T05:48:43.555Z,,0.1274,,BID,0.1274,0.1275,0.078,,,,,28.48,223.57629513,94.9454,0.3,,0.1257,,1787377722396,,1.334,,,,,,,MEXC above DEX anchor,
OPEN,2d6c6c21-f8df-4cc5-ab49-13dc8c8cdd34,1000BONK_USDT,SHORT,OPEN,2026-08-22T05:49:41.945Z,,0.003276,,BID,0.003276,0.003277,0.031,,,,,28.48,8694.63369963,94.9454,0.3,,0.003236,,1787377780412,,1.221,,,,,,,MEXC above DEX anchor,
CLOSE,2d6c6c21-f8df-4cc5-ab49-13dc8c8cdd34,1000BONK_USDT,SHORT,CLOSED,2026-08-22T05:49:41.945Z,2026-08-22T05:50:13.640Z,0.003276,0.003251,BID,0.003276,0.003277,0.031,ASK,0.00325,0.003251,0.030764497769577993,28.48,8694.63369963,94.9454,0.3,95.1286,0.003236,0.003284,1787377780412,1787377812422,1.221,-1.0462,0.7631,0.6431,0.2173,0.1832,31695,MEXC above DEX anchor,mean_reverted_profit
CLOSE,b24bbfbe-d497-43b4-b3ae-530ad114c137,ARX_USDT,SHORT,CLOSED,2026-08-22T05:48:43.555Z,2026-08-22T05:52:47.400Z,0.1274,0.1271,BID,0.1274,0.1275,0.078,ASK,0.1269,0.1271,0.15748031496061257,28.48,223.57629513,94.9454,0.3,95.1615,0.1257,0.1272,1787377722396,1787377966504,1.334,-0.2364,0.2355,0.1155,0.0671,0.0329,243845,MEXC above DEX anchor,mean_reverted_profit
OPEN,a9749724-f328-4add-a1ce-9321dccdfdcb,ESP_USDT,LONG,OPEN,2026-08-22T05:54:51.058Z,,0.09077,,ASK,0.09073,0.09077,0.044,,,,,28.55,314.51415666,95.1615,0.3,,0.092,,1787378090641,,1.355,,,,,,,MEXC below DEX anchor,
CLOSE,a9749724-f328-4add-a1ce-9321dccdfdcb,ESP_USDT,LONG,CLOSED,2026-08-22T05:54:51.058Z,2026-08-22T05:59:10.017Z,0.09077,0.089047,ASK,0.09073,0.09077,0.044,BID,0.08912,0.08913,0.011220196353431834,28.55,314.51415666,95.1615,0.3,94.5853,0.092,0.08959,1787378090641,1787378348753,1.355,0.5161,-1.8984,-2.0184,-0.542,-0.5762,258959,MEXC below DEX anchor,stop_loss
OPEN,c05339cb-5531-4463-b360-c1d9c0e0f475,CASHCAT_USDT,SHORT,OPEN,2026-08-22T06:03:02.336Z,,0.1145,,BID,0.1145,0.1146,0.087,,,,,28.38,247.82174672,94.5853,0.3,,0.1129,,1787378580778,,1.397,,,,,,,MEXC above DEX anchor,
CLOSE,c05339cb-5531-4463-b360-c1d9c0e0f475,CASHCAT_USDT,SHORT,CLOSED,2026-08-22T06:03:02.336Z,2026-08-22T06:03:41.908Z,0.1145,0.11392,BID,0.1145,0.1146,0.087,ASK,0.1136,0.11392,0.2812939521800167,28.38,247.82174672,94.5853,0.3,94.695,0.1129,0.1151,1787378580778,1787378620801,1.397,-1.3204,0.5066,0.3866,0.1438,0.1097,39572,MEXC above DEX anchor,mean_reverted_profit
OPEN,d4ffe4a0-4545-4ece-8448-8858ea6e170d,CATE_USDT,SHORT,OPEN,2026-08-22T06:06:21.221Z,,0.05168,,BID,0.05168,0.051685,0.01,,,,,28.41,549.7000774,94.695,0.3,,0.05105,,1787378780876,,1.219,,,,,,,MEXC above DEX anchor,
CLOSE,d4ffe4a0-4545-4ece-8448-8858ea6e170d,CATE_USDT,SHORT,CLOSED,2026-08-22T06:06:21.221Z,2026-08-22T06:09:59.942Z,0.05168,0.049877,BID,0.05168,0.051685,0.01,ASK,0.04968,0.049877,0.3957531866167036,28.41,549.7000774,94.695,0.3,95.6521,0.05105,0.05063,1787378780876,1787378998967,1.219,-1.9122,3.4888,3.3688,0.9912,0.9571,218721,MEXC above DEX anchor,mean_reverted_profit
OPEN,26bb3ce9-c02f-4126-9fa6-36059d3b655b,JIMOTHY_USDT,SHORT,OPEN,2026-08-22T06:10:57.825Z,,0.01242,,BID,0.01242,0.01246,0.322,,,,,28.7,2310.43719807,95.6521,0.3,,0.01226,,1787379056994,,1.288,,,,,,,MEXC above DEX anchor,
CLOSE,26bb3ce9-c02f-4126-9fa6-36059d3b655b,JIMOTHY_USDT,SHORT,CLOSED,2026-08-22T06:10:57.825Z,2026-08-22T06:12:09.126Z,0.01242,0.012293,BID,0.01242,0.01246,0.322,ASK,0.01226,0.012293,0.2688062558546821,28.7,2310.43719807,95.6521,0.3,95.9111,0.01226,0.01223,1787379056994,1787379129039,1.288,0.2447,1.0225,0.9025,0.2935,0.259,71301,MEXC above DEX anchor,mean_reverted_profit
OPEN,e36b1cc3-357e-40e7-9c1d-b10db32110eb,CATE_USDT,SHORT,OPEN,2026-08-22T06:14:29.836Z,,0.049985,,BID,0.049985,0.050048,0.126,,,,,28.77,575.63929179,95.9111,0.3,,0.04919,,1787379269094,,1.59,,,,,,,MEXC above DEX anchor,
CLOSE,e36b1cc3-357e-40e7-9c1d-b10db32110eb,CATE_USDT,SHORT,CLOSED,2026-08-22T06:14:29.836Z,2026-08-22T06:16:47.228Z,0.049985,0.050936,BID,0.049985,0.050048,0.126,ASK,0.050792,0.051,0.4086765168186102,28.77,575.63929179,95.9111,0.3,95.3293,0.04919,0.05064,1787379269094,1787379407154,1.59,0.2993,-1.9023,-2.0223,-0.5473,-0.5818,137392,MEXC above DEX anchor,stop_loss
OPEN,255e753e-4872-4cba-98d2-1fb111f713a6,CASHCAT_USDT,LONG,OPEN,2026-08-22T06:17:10.590Z,,0.10803,,ASK,0.10795,0.10803,0.074,,,,,28.6,264.73007498,95.3293,0.3,,0.1096,,1787379429175,,1.453,,,,,,,MEXC below DEX anchor,
CLOSE,255e753e-4872-4cba-98d2-1fb111f713a6,CASHCAT_USDT,LONG,CLOSED,2026-08-22T06:17:10.590Z,2026-08-22T06:17:44.808Z,0.10803,0.10908,ASK,0.10795,0.10803,0.074,BID,0.10908,0.10919,0.1007925963256508,28.6,264.73007498,95.3293,0.3,95.573,0.1096,0.1068,1787379429175,1787379463735,1.453,-2.1888,0.972,0.852,0.278,0.2437,34218,MEXC below DEX anchor,mean_reverted_profit
OPEN,aac056e9-061c-4c5b-8823-19878a868bb5,CASHCAT_USDT,SHORT,OPEN,2026-08-22T06:17:58.003Z,,0.10905,,BID,0.10905,0.10919,0.128,,,,,28.67,262.92434663,95.573,0.3,,0.1068,,1787379477199,,2.063,,,,,,,MEXC above DEX anchor,
OPEN,ce8bf1cf-7b0d-4c0b-98a3-7b05789f6490,VELVET_USDT,LONG,OPEN,2026-08-22T06:18:37.913Z,,0.7209,,ASK,0.7204,0.7209,0.069,,,,,28.67,39.77236787,95.573,0.3,,0.7307,,1787379517236,,1.359,,,,,,,MEXC below DEX anchor,
CLOSE,ce8bf1cf-7b0d-4c0b-98a3-7b05789f6490,VELVET_USDT,LONG,CLOSED,2026-08-22T06:18:37.913Z,2026-08-22T06:19:09.575Z,0.7209,0.7242,ASK,0.7204,0.7209,0.069,BID,0.7242,0.7245,0.04141644232761482,28.67,39.77236787,95.573,0.3,95.6698,0.7307,0.7213,1787379517236,1787379549263,1.359,-0.4417,0.4578,0.3378,0.1312,0.0968,31662,MEXC below DEX anchor,mean_reverted_profit
CLOSE,aac056e9-061c-4c5b-8823-19878a868bb5,CASHCAT_USDT,SHORT,CLOSED,2026-08-22T06:17:58.003Z,2026-08-22T06:20:49.430Z,0.10905,0.10864,BID,0.10905,0.10919,0.128,ASK,0.10862,0.10864,0.018411120316676906,28.67,262.92434663,95.573,0.3,95.7432,0.1068,0.1096,1787379477199,1787379649275,2.063,-0.9022,0.376,0.256,0.1078,0.0734,171427,MEXC above DEX anchor,mean_reverted_profit
OPEN,f1a88502-6b47-4de7-b427-92e20ad56292,JIMOTHY_USDT,SHORT,OPEN,2026-08-22T06:21:02.583Z,,0.0123,,BID,0.0123,0.01234,0.325,,,,,28.72,2335.2,95.7432,0.3,,0.01212,,1787379661284,,1.463,,,,,,,MEXC above DEX anchor,
OPEN,455349dd-8e99-4efd-a884-e5904e3034a7,AIA_USDT,SHORT,OPEN,2026-08-22T06:25:04.912Z,,0.0814,,BID,0.0814,0.08141,0.012,,,,,28.72,352.86191646,95.7432,0.3,,0.0802,,1787379904615,,1.474,,,,,,,MEXC above DEX anchor,
CLOSE,455349dd-8e99-4efd-a884-e5904e3034a7,AIA_USDT,SHORT,CLOSED,2026-08-22T06:25:04.912Z,2026-08-22T06:25:36.060Z,0.0814,0.0807,BID,0.0814,0.08141,0.012,ASK,0.08059,0.0807,0.13640027280054434,28.72,352.86191646,95.7432,0.3,95.9557,0.0802,0.08059,1787379904615,1787379935823,1.474,0,0.86,0.74,0.247,0.2125,31148,MEXC above DEX anchor,mean_reverted_profit
OPEN,cf2eec8d-0215-473d-812b-c1b6ecd0153f,BEAT_USDT,SHORT,OPEN,2026-08-22T06:26:18.209Z,,0.1571,,BID,0.1571,0.1572,0.064,,,,,28.79,183.23812858,95.9557,0.3,,0.1548,,1787379977492,,1.464,,,,,,,MEXC above DEX anchor,
CLOSE,cf2eec8d-0215-473d-812b-c1b6ecd0153f,BEAT_USDT,SHORT,CLOSED,2026-08-22T06:26:18.209Z,2026-08-22T06:26:49.738Z,0.1571,0.1561,BID,0.1571,0.1572,0.064,ASK,0.156,0.1561,0.06408202499198269,28.79,183.23812858,95.9557,0.3,96.1044,0.1548,0.1573,1787379977492,1787380009509,1.464,-0.8333,0.6365,0.5165,0.1833,0.1487,31529,MEXC above DEX anchor,mean_reverted_profit
CLOSE,f1a88502-6b47-4de7-b427-92e20ad56292,JIMOTHY_USDT,SHORT,CLOSED,2026-08-22T06:21:02.583Z,2026-08-22T06:28:34.418Z,0.0123,0.01208,BID,0.0123,0.01234,0.325,ASK,0.01204,0.01208,0.331674958540631,28.72,2335.2,95.7432,0.3,96.5836,0.01212,0.0121,1787379661284,1787380113499,1.463,-0.4983,1.7886,1.6686,0.5137,0.4792,451835,MEXC above DEX anchor,mean_reverted_profit
OPEN,02e455e7-10cd-4e97-94ad-c36e6faf0b46,JIMOTHY_USDT,SHORT,OPEN,2026-08-22T06:29:58.506Z,,0.011901,,BID,0.011901,0.01194,0.327,,,,,28.98,2434.67607764,96.5836,0.3,,0.01175,,1787380197535,,1.269,,,,,,,MEXC above DEX anchor,
CLOSE,02e455e7-10cd-4e97-94ad-c36e6faf0b46,JIMOTHY_USDT,SHORT,CLOSED,2026-08-22T06:29:58.506Z,2026-08-22T06:30:30.066Z,0.011901,0.011791,BID,0.011901,0.01194,0.327,ASK,0.011763,0.011791,0.2377515496306381,28.98,2434.67607764,96.5836,0.3,96.8167,0.01175,0.0118,1787380197535,1787380229547,1.269,-0.3145,0.9243,0.8043,0.2679,0.2331,31560,MEXC above DEX anchor,mean_reverted_profit
OPEN,debcf4e7-e4cf-44cd-bab1-16c38b198496,JIMOTHY_USDT,SHORT,OPEN,2026-08-22T06:32:52.476Z,,0.01186,,BID,0.01186,0.0119,0.337,,,,,29.05,2448.98903879,96.8167,0.3,,0.0117,,1787380371635,,1.349,,,,,,,MEXC above DEX anchor,
CLOSE,debcf4e7-e4cf-44cd-bab1-16c38b198496,JIMOTHY_USDT,SHORT,CLOSED,2026-08-22T06:32:52.476Z,2026-08-22T06:33:32.161Z,0.01186,0.01168,BID,0.01186,0.0119,0.337,ASK,0.01162,0.01168,0.5150214592274617,29.05,2448.98903879,96.8167,0.3,97.2227,0.0117,0.01172,1787380371635,1787380411666,1.349,-0.8606,1.5177,1.3977,0.4409,0.406,39685,MEXC above DEX anchor,mean_reverted_profit
OPEN,94a8c4aa-4107-43f8-b390-279681c8df4b,JIMOTHY_USDT,LONG,OPEN,2026-08-22T06:34:06.239Z,,0.01148,,ASK,0.01144,0.01148,0.349,,,,,29.17,2540.66289199,97.2227,0.3,,0.0117,,1787380445675,,1.916,,,,,,,MEXC below DEX anchor,
CLOSE,94a8c4aa-4107-43f8-b390-279681c8df4b,JIMOTHY_USDT,LONG,CLOSED,2026-08-22T06:34:06.239Z,2026-08-22T06:35:40.845Z,0.01148,0.0116,ASK,0.01144,0.01148,0.349,BID,0.0116,0.01164,0.3442340791738392,29.17,2540.66289199,97.2227,0.3,97.4926,0.0117,0.01119,1787380445675,1787380539708,1.916,-3.866,1.0453,0.9253,0.3049,0.2699,94606,MEXC below DEX anchor,mean_reverted_profit
OPEN,ce020bb0-dec8-4a8f-9c04-5c16399cbfc2,JIMOTHY_USDT,SHORT,OPEN,2026-08-22T06:36:46.843Z,,0.0115,,BID,0.0115,0.01153,0.261,,,,,29.25,2543.28521739,97.4926,0.3,,0.01135,,1787380605737,,1.304,,,,,,,MEXC above DEX anchor,
CLOSE,ce020bb0-dec8-4a8f-9c04-5c16399cbfc2,JIMOTHY_USDT,SHORT,CLOSED,2026-08-22T06:36:46.843Z,2026-08-22T06:38:00.785Z,0.0115,0.01134,BID,0.0115,0.01153,0.261,ASK,0.0113,0.01134,0.35335689045936486,29.25,2543.28521739,97.4926,0.3,97.8645,0.01135,0.01144,1787380605737,1787380677776,1.304,-1.2389,1.3913,1.2713,0.407,0.3719,73942,MEXC above DEX anchor,mean_reverted_profit
OPEN,bd29a02b-af73-4459-b1e7-a7bc4d5b6f91,CATE_USDT,SHORT,OPEN,2026-08-22T06:39:20.260Z,,0.05287,,BID,0.05287,0.05292,0.095,,,,,29.36,555.31208625,97.8645,0.3,,0.05196,,1787380759836,,1.721,,,,,,,MEXC above DEX anchor,
CLOSE,bd29a02b-af73-4459-b1e7-a7bc4d5b6f91,CATE_USDT,SHORT,CLOSED,2026-08-22T06:39:20.260Z,2026-08-22T06:39:43.969Z,0.05287,0.053876,BID,0.05287,0.05292,0.095,ASK,0.05365,0.05387,0.4092261904761867,29.36,555.31208625,97.8645,0.3,97.2707,0.05196,0.0525,1787380759836,1787380783825,1.721,2.1435,-1.9024,-2.0224,-0.5586,-0.5938,23709,MEXC above DEX anchor,stop_loss
OPEN,aa3d15f0-b8d8-483a-a6a7-1f7165aac1ad,BASECAT_USDT,LONG,OPEN,2026-08-22T06:43:33.718Z,,0.03215,,ASK,0.03205,0.03215,0.312,,,,,29.18,907.65816485,97.2707,0.3,,0.03285,,1787381011970,,2.177,,,,,,,MEXC below DEX anchor,
OPEN,2093ff5e-0abb-45ef-bdbd-f33de20a7c63,BTW_USDT,SHORT,OPEN,2026-08-22T06:44:49.665Z,,0.507,,BID,0.507,0.50735,0.069,,,,,29.18,57.55662722,97.2707,0.3,,0.5005,,1787381088014,,1.282,,,,,,,MEXC above DEX anchor,
CLOSE,aa3d15f0-b8d8-483a-a6a7-1f7165aac1ad,BASECAT_USDT,LONG,CLOSED,2026-08-22T06:43:33.718Z,2026-08-22T06:45:56.027Z,0.03215,0.03243,ASK,0.03205,0.03215,0.312,BID,0.03238,0.0325,0.3699136868064182,29.18,907.65816485,97.2707,0.3,97.4894,0.03285,0.03337,1787381011970,1787381154013,2.177,2.6769,0.8695,0.7495,0.2537,0.2187,142309,MEXC below DEX anchor,trailing_stop
OPEN,c2b2a547-ac51-458f-90bb-f63576324144,BASECAT_USDT,LONG,OPEN,2026-08-22T06:48:08.076Z,,0.03242,,ASK,0.0324,0.03242,0.062,,,,,29.25,902.12276373,97.4894,0.3,,0.03293,,1787381288057,,1.573,,,,,,,MEXC below DEX anchor,
CLOSE,c2b2a547-ac51-458f-90bb-f63576324144,BASECAT_USDT,LONG,CLOSED,2026-08-22T06:48:08.076Z,2026-08-22T06:48:57.803Z,0.03242,0.03272,ASK,0.0324,0.03242,0.062,BID,0.03272,0.03288,0.4878048780487818,29.25,902.12276373,97.4894,0.3,97.725,0.03293,0.03293,1787381288057,1787381336085,1.573,0.1521,0.9254,0.8054,0.2707,0.2356,49727,MEXC below DEX anchor,mean_reverted_profit
OPEN,076d259f-1aa7-4f3d-8687-fb9871b1d773,JIMOTHY_USDT,SHORT,OPEN,2026-08-22T06:51:56.399Z,,0.011443,,BID,0.011443,0.01148,0.323,,,,,29.32,2562.04666608,97.725,0.3,,0.01123,,1787381516157,,1.861,,,,,,,MEXC above DEX anchor,
CLOSE,076d259f-1aa7-4f3d-8687-fb9871b1d773,JIMOTHY_USDT,SHORT,CLOSED,2026-08-22T06:51:56.399Z,2026-08-22T06:54:29.242Z,0.011443,0.011345,BID,0.011443,0.01148,0.323,ASK,0.01136,0.011399,0.34272156070125315,29.32,2562.04666608,97.725,0.3,97.9401,0.01123,0.01116,1787381516157,1787381666204,1.861,1.7606,0.8535,0.7335,0.2502,0.2151,152843,MEXC above DEX anchor,trailing_stop
OPEN,b8b02f82-beb3-49f8-a378-04b697d9a611,JIMOTHY_USDT,SHORT,OPEN,2026-08-22T06:59:13.533Z,,0.01144,,BID,0.01144,0.01148,0.349,,,,,29.38,2568.35926573,97.9401,0.3,,0.01126,,1787381952342,,1.573,,,,,,,MEXC above DEX anchor,
CLOSE,2093ff5e-0abb-45ef-bdbd-f33de20a7c63,BTW_USDT,SHORT,CLOSED,2026-08-22T06:44:49.665Z,2026-08-22T06:59:50.440Z,0.507,0.50662,BID,0.507,0.50735,0.069,ASK,0.5066,0.50662,0.003947809952410924,29.18,57.55662722,97.2707,0.3,97.927,0.5005,0.508,1787381088014,1787381990418,1.282,-0.2764,0.075,-0.045,0.0219,-0.0131,900775,MEXC above DEX anchor,timeout
CLOSE,b8b02f82-beb3-49f8-a378-04b697d9a611,JIMOTHY_USDT,SHORT,CLOSED,2026-08-22T06:59:13.533Z,2026-08-22T07:02:39.000Z,0.01144,0.011658,BID,0.01144,0.01148,0.349,ASK,0.01162,0.01165,0.257842715943279,29.38,2568.35926573,97.9401,0.3,97.3328,0.01126,0.01149,1787381952342,1787382158453,1.573,1.1188,-1.9025,-2.0225,-0.559,-0.5942,205467,MEXC above DEX anchor,stop_loss
OPEN,3c8ec1aa-5998-4b51-8584-746eae91b6fc,BTW_USDT,SHORT,OPEN,2026-08-22T07:09:57.208Z,,0.51114,,BID,0.51114,0.51124,0.02,,,,,29.2,57.12689283,97.3328,0.3,,0.5044,,1787382594720,,1.319,,,,,,,MEXC above DEX anchor,
CLOSE,3c8ec1aa-5998-4b51-8584-746eae91b6fc,BTW_USDT,SHORT,CLOSED,2026-08-22T07:09:57.208Z,2026-08-22T07:10:55.598Z,0.51114,0.5101,BID,0.51114,0.51124,0.02,ASK,0.51004,0.5101,0.011763091340394256,29.2,57.12689283,97.3328,0.3,97.3572,0.5044,0.5088,1787382594720,1787382655452,1.319,0.2431,0.2035,0.0835,0.0594,0.0244,58390,MEXC above DEX anchor,mean_reverted_profit
OPEN,d525c825-fe9b-4da5-8818-19ce19801154,BASECAT_USDT,LONG,OPEN,2026-08-22T07:11:01.418Z,,0.03232,,ASK,0.03221,0.03232,0.341,,,,,29.21,903.68688119,97.3572,0.3,,0.03331,,1787382658729,,3.063,,,,,,,MEXC below DEX anchor,
CLOSE,d525c825-fe9b-4da5-8818-19ce19801154,BASECAT_USDT,LONG,CLOSED,2026-08-22T07:11:01.418Z,2026-08-22T07:11:59.765Z,0.03232,0.032519,ASK,0.03221,0.03232,0.341,BID,0.03231,0.03246,0.46317739694304255,29.21,903.68688119,97.3572,0.3,97.5024,0.03331,0.03326,1787382658729,1787382718983,3.063,2.4646,0.6171,0.4971,0.1803,0.1452,58347,MEXC below DEX anchor,trailing_stop
OPEN,6f80b35b-e331-4106-b20c-25fb3706202f,LAB_USDT,LONG,OPEN,2026-08-22T07:16:07.544Z,,0.07782,,ASK,0.07774,0.07782,0.103,,,,,29.25,375.8766384,97.5024,0.3,,0.07879,,1787382966915,,1.246,,,,,,,MEXC below DEX anchor,
CLOSE,6f80b35b-e331-4106-b20c-25fb3706202f,LAB_USDT,LONG,CLOSED,2026-08-22T07:16:07.544Z,2026-08-22T07:16:38.996Z,0.07782,0.0781,ASK,0.07774,0.07782,0.103,BID,0.0781,0.0782,0.1279590531030107,29.25,375.8766384,97.5024,0.3,97.5725,0.07879,0.0777,1787382966915,1787382998898,1.246,-0.6394,0.3598,0.2398,0.1052,0.0701,31452,MEXC below DEX anchor,mean_reverted_profit
OPEN,418f271a-6d91-4b07-a9a8-2daab388f513,JIMOTHY_USDT,SHORT,OPEN,2026-08-22T07:18:11.383Z,,0.01162,,BID,0.01162,0.01166,0.344,,,,,29.27,2519.08347676,97.5725,0.3,,0.01141,,1787383090904,,1.807,,,,,,,MEXC above DEX anchor,
CLOSE,418f271a-6d91-4b07-a9a8-2daab388f513,JIMOTHY_USDT,SHORT,CLOSED,2026-08-22T07:18:11.383Z,2026-08-22T07:19:49.097Z,0.01162,0.011505,BID,0.01162,0.01166,0.344,ASK,0.011472,0.0115,0.24377503047188095,29.27,2519.08347676,97.5725,0.3,97.8258,0.01141,0.01135,1787383090904,1787383188953,1.807,1.0635,0.9854,0.8654,0.2884,0.2533,97714,MEXC above DEX anchor,trailing_stop
OPEN,ff5ade4a-4eef-4de9-9c60-b941dafe4419,ZAMA_USDT,SHORT,OPEN,2026-08-22T07:20:21.283Z,,0.05812,,BID,0.05812,0.05814,0.034,,,,,29.35,504.95079147,97.8258,0.3,,0.05741,,1787383221026,,1.222,,,,,,,MEXC above DEX anchor,
CLOSE,ff5ade4a-4eef-4de9-9c60-b941dafe4419,ZAMA_USDT,SHORT,CLOSED,2026-08-22T07:20:21.283Z,2026-08-22T07:21:19.262Z,0.05812,0.05791,BID,0.05812,0.05814,0.034,ASK,0.05789,0.05791,0.034542314335071024,29.35,504.95079147,97.8258,0.3,97.8966,0.05741,0.05804,1787383221026,1787383279055,1.222,-0.2591,0.3613,0.2413,0.106,0.0708,57979,MEXC above DEX anchor,mean_reverted_profit
OPEN,20791cda-67f6-4f7d-878a-82192074ec0e,JIMOTHY_USDT,SHORT,OPEN,2026-08-22T07:21:29.394Z,,0.011464,,BID,0.011464,0.0115,0.314,,,,,29.37,2561.8440335,97.8966,0.3,,0.01121,,1787383288995,,2.216,,,,,,,MEXC above DEX anchor,
CLOSE,20791cda-67f6-4f7d-878a-82192074ec0e,JIMOTHY_USDT,SHORT,CLOSED,2026-08-22T07:21:29.394Z,2026-08-22T07:22:40.637Z,0.011464,0.01128,BID,0.011464,0.0115,0.314,ASK,0.01127,0.01128,0.08869179600886556,29.37,2561.8440335,97.8966,0.3,98.3328,0.01121,0.01129,1787383288995,1787383359036,2.216,-0.1775,1.605,1.485,0.4714,0.4362,71243,MEXC above DEX anchor,mean_reverted_profit
OPEN,37940540-2b2f-45ed-90eb-afbd6725766a,STABLE_USDT,LONG,OPEN,2026-08-22T07:23:52.014Z,,0.03279,,ASK,0.03277,0.03279,0.061,,,,,29.5,899.65965233,98.3328,0.3,,0.03324,,1787383431277,,1.372,,,,,,,MEXC below DEX anchor,
CLOSE,37940540-2b2f-45ed-90eb-afbd6725766a,STABLE_USDT,LONG,CLOSED,2026-08-22T07:23:52.014Z,2026-08-22T07:38:53.245Z,0.03279,0.03267,ASK,0.03277,0.03279,0.061,BID,0.03267,0.03268,0.030604437643467677,29.5,899.65965233,98.3328,0.3,98.1894,0.03324,0.0328,1787383431277,1787384331552,1.372,0.3672,-0.366,-0.486,-0.108,-0.1434,901231,MEXC below DEX anchor,timeout
OPEN,303ec9b8-6c47-46ab-80ad-1f9f401c818c,JIMOTHY_USDT,SHORT,OPEN,2026-08-22T07:39:35.522Z,,0.0118,,BID,0.0118,0.01184,0.338,,,,,29.46,2496.34067797,98.1894,0.3,,0.01156,,1787384375519,,2.034,,,,,,,MEXC above DEX anchor,
CLOSE,303ec9b8-6c47-46ab-80ad-1f9f401c818c,JIMOTHY_USDT,SHORT,CLOSED,2026-08-22T07:39:35.522Z,2026-08-22T07:43:48.822Z,0.0118,0.012024,BID,0.0118,0.01184,0.338,ASK,0.01198,0.01202,0.3333333333333342,29.46,2496.34067797,98.1894,0.3,97.5948,0.01156,0.01174,1787384375519,1787384627605,2.034,2.0033,-1.8984,-2.0184,-0.5593,-0.5946,253300,MEXC above DEX anchor,stop_loss
OPEN,37b4c920-2efc-432f-bb7d-afad2ee8a088,ZAMA_USDT,SHORT,OPEN,2026-08-22T07:46:50.730Z,,0.06565,,BID,0.06565,0.06569,0.061,,,,,29.28,445.97776085,97.5948,0.3,,0.06426,,1787384809761,,2.117,,,,,,,MEXC above DEX anchor,
CLOSE,37b4c920-2efc-432f-bb7d-afad2ee8a088,ZAMA_USDT,SHORT,CLOSED,2026-08-22T07:46:50.730Z,2026-08-22T07:47:11.944Z,0.06565,0.065572,BID,0.06565,0.06569,0.061,ASK,0.06577,0.06578,0.015203344735857091,29.28,445.97776085,97.5948,0.3,97.5947,0.06426,0.06426,1787384809761,1787384831918,2.117,2.2959,0.1196,-0.0004,0.035,-0.0001,21214,MEXC above DEX anchor,trailing_stop
OPEN,a505ec5d-394c-4455-a4c2-2324e58a2d8f,MARSCOIN_USDT,LONG,OPEN,2026-08-22T07:55:17.390Z,,0.03482,,ASK,0.03479,0.03482,0.086,,,,,29.28,840.85037335,97.5947,0.3,,0.03524,,1787385315989,,1.206,,,,,,,MEXC below DEX anchor,
CLOSE,a505ec5d-394c-4455-a4c2-2324e58a2d8f,MARSCOIN_USDT,LONG,CLOSED,2026-08-22T07:55:17.390Z,2026-08-22T08:10:18.977Z,0.03482,0.0346,ASK,0.03479,0.03482,0.086,BID,0.0346,0.0349,0.8633093525179902,29.28,840.85037335,97.5947,0.3,97.3746,0.03524,0.03426,1787385315989,1787386218424,1.206,-1.8338,-0.6318,-0.7518,-0.185,-0.2201,901587,MEXC below DEX anchor,timeout
OPEN,bf26324e-628f-44a4-b908-c6ea26e6d565,JIMOTHY_USDT,SHORT,OPEN,2026-08-22T08:11:17.137Z,,0.01184,,BID,0.01184,0.01188,0.337,,,,,29.21,2467.26182432,97.3746,0.3,,0.01167,,1787386276402,,1.436,,,,,,,MEXC above DEX anchor,
OPEN,60732b08-0cb7-4b1e-a190-6be3b2e7ca71,ARX_USDT,SHORT,OPEN,2026-08-22T08:12:44.668Z,,0.141,,BID,0.141,0.1412,0.142,,,,,29.21,207.18,97.3746,0.3,,0.1392,,1787386364456,,1.277,,,,,,,MEXC above DEX anchor,
CLOSE,60732b08-0cb7-4b1e-a190-6be3b2e7ca71,ARX_USDT,SHORT,CLOSED,2026-08-22T08:12:44.668Z,2026-08-22T08:13:11.053Z,0.141,0.139155,BID,0.141,0.1412,0.142,ASK,0.1385,0.1392,0.5041411595246513,29.21,207.18,97.3746,0.3,97.7218,0.1392,0.1392,1787386364456,1787386390483,1.277,-0.5054,1.3085,1.1885,0.3822,0.3472,26385,MEXC above DEX anchor,trailing_stop
CLOSE,bf26324e-628f-44a4-b908-c6ea26e6d565,JIMOTHY_USDT,SHORT,CLOSED,2026-08-22T08:11:17.137Z,2026-08-22T08:17:36.633Z,0.01184,0.012065,BID,0.01184,0.01188,0.337,ASK,0.01212,0.01216,0.32948929159802387,29.21,2467.26182432,97.3746,0.3,97.1315,0.01167,0.01185,1787386276402,1787386656609,1.436,2.2277,-1.9008,-2.0208,-0.5552,-0.5903,379496,MEXC above DEX anchor,stop_loss
OPEN,761271a8-11d6-4bc7-8531-f75b3d8e0b23,ZAMA_USDT,LONG,OPEN,2026-08-22T08:32:29.726Z,,0.05568,,ASK,0.05566,0.05568,0.036,,,,,29.14,523.33782328,97.1315,0.3,,0.05644,,1787387549129,,1.365,,,,,,,MEXC below DEX anchor,
CLOSE,761271a8-11d6-4bc7-8531-f75b3d8e0b23,ZAMA_USDT,LONG,CLOSED,2026-08-22T08:32:29.726Z,2026-08-22T08:33:17.450Z,0.05568,0.054623,ASK,0.05566,0.05568,0.036,BID,0.05444,0.05445,0.0183671595187733,29.14,523.33782328,97.1315,0.3,96.5435,0.05644,0.05568,1787387549129,1787387597135,1.365,2.259,-1.8978,-2.0178,-0.553,-0.588,47724,MEXC below DEX anchor,stop_loss
OPEN,b8ea6a4c-0e95-4cc1-86a1-824134c817fa,B3_USDT,LONG,OPEN,2026-08-22T08:33:49.107Z,,0.000482,,ASK,0.000481,0.000482,0.083,,,,,28.96,60089.3153527,96.5435,0.3,,0.000488,,1787387627122,,1.349,,,,,,,MEXC below DEX anchor,
CLOSE,b8ea6a4c-0e95-4cc1-86a1-824134c817fa,B3_USDT,LONG,CLOSED,2026-08-22T08:33:49.107Z,2026-08-22T08:48:50.389Z,0.000482,0.000478,ASK,0.000481,0.000482,0.083,BID,0.0004776,0.000478,0.08371703641691287,28.96,60089.3153527,96.5435,0.3,96.2444,0.000488,0.0004802,1787387627122,1787388530107,1.349,0.4603,-0.9129,-1.0329,-0.2644,-0.2991,901282,MEXC below DEX anchor,timeout
OPEN,8f1c883a-6f95-4839-945f-e2734978c958,ZAMA_USDT,LONG,OPEN,2026-08-22T09:04:44.561Z,,0.05211,,ASK,0.05209,0.05211,0.038,,,,,28.87,554.08405296,96.2444,0.3,,0.05303,,1787389484002,,1.765,,,,,,,MEXC below DEX anchor,
CLOSE,8f1c883a-6f95-4839-945f-e2734978c958,ZAMA_USDT,LONG,CLOSED,2026-08-22T09:04:44.561Z,2026-08-22T09:05:47.896Z,0.05211,0.05225,ASK,0.05209,0.05211,0.038,BID,0.05225,0.05226,0.019136924696207182,28.87,554.08405296,96.2444,0.3,96.2873,0.05303,0.05235,1787389484002,1787389546030,1.765,0.1722,0.2687,0.1487,0.0776,0.0429,63335,MEXC below DEX anchor,mean_reverted_profit
OPEN,1d6f65e3-41d4-4ad4-8379-8b4b50b122ae,BASECAT_USDT,LONG,OPEN,2026-08-22T09:08:10.662Z,,0.03036,,ASK,0.0303,0.03036,0.198,,,,,28.89,951.4555336,96.2873,0.3,,0.03122,,1787389690075,,2.833,,,,,,,MEXC below DEX anchor,
CLOSE,1d6f65e3-41d4-4ad4-8379-8b4b50b122ae,BASECAT_USDT,LONG,CLOSED,2026-08-22T09:08:10.662Z,2026-08-22T09:08:58.348Z,0.03036,0.030428,ASK,0.0303,0.03036,0.198,BID,0.03044,0.03045,0.03284611594679935,28.89,951.4555336,96.2873,0.3,96.3169,0.03122,0.03122,1787389690075,1787389738077,2.833,2.5287,0.2225,0.1025,0.0643,0.0296,47686,MEXC below DEX anchor,trailing_stop
OPEN,3d06f253-fac0-480b-9083-660ee20c912c,BASECAT_USDT,LONG,OPEN,2026-08-22T09:09:16.851Z,,0.0306,,ASK,0.03055,0.0306,0.164,,,,,28.9,944.28333333,96.3169,0.3,,0.03122,,1787389756114,,2.026,,,,,,,MEXC below DEX anchor,
CLOSE,3d06f253-fac0-480b-9083-660ee20c912c,BASECAT_USDT,LONG,CLOSED,2026-08-22T09:09:16.851Z,2026-08-22T09:10:59.778Z,0.0306,0.030806,ASK,0.03055,0.0306,0.164,BID,0.03082,0.03088,0.19448946515397414,28.9,944.28333333,96.3169,0.3,96.4769,0.03122,0.03125,1787389756114,1787389858768,2.026,1.1982,0.6737,0.5537,0.1947,0.16,102927,MEXC below DEX anchor,trailing_stop
OPEN,dc417b6c-a9c7-4f1e-aec7-9cd56124c474,BEAT_USDT,LONG,OPEN,2026-08-22T09:17:24.865Z,,0.1816,,ASK,0.1815,0.1816,0.055,,,,,28.94,159.37813877,96.4769,0.3,,0.1844,,1787390244308,,1.542,,,,,,,MEXC below DEX anchor,
CLOSE,dc417b6c-a9c7-4f1e-aec7-9cd56124c474,BEAT_USDT,LONG,CLOSED,2026-08-22T09:17:24.865Z,2026-08-22T09:22:11.666Z,0.1816,0.1821,ASK,0.1815,0.1816,0.055,BID,0.1821,0.1822,0.05489980785066648,28.94,159.37813877,96.4769,0.3,96.5219,0.1844,0.1796,1787390244308,1787390531112,1.542,-1.427,0.2753,0.1553,0.0797,0.045,286801,MEXC below DEX anchor,mean_reverted_profit
OPEN,e9ced1c9-f26e-4773-a0ba-050c5bea24ba,BASECAT_USDT,LONG,OPEN,2026-08-22T09:42:44.519Z,,0.0337,,ASK,0.03361,0.0337,0.267,,,,,28.96,859.24540059,96.5219,0.3,,0.03413,,1787391763038,,1.276,,,,,,,MEXC below DEX anchor,
CLOSE,e9ced1c9-f26e-4773-a0ba-050c5bea24ba,BASECAT_USDT,LONG,CLOSED,2026-08-22T09:42:44.519Z,2026-08-22T09:43:16.063Z,0.0337,0.034014,ASK,0.03361,0.0337,0.267,BID,0.03388,0.03395,0.20639834881321129,28.96,859.24540059,96.5219,0.3,96.7569,0.03413,0.03413,1787391763038,1787391795052,1.276,0.5302,0.9316,0.8116,0.2698,0.235,31544,MEXC below DEX anchor,trailing_stop
OPEN,a2d4e02b-ea24-4a98-8794-00930797f34a,BTW_USDT,SHORT,OPEN,2026-08-22T09:52:04.234Z,,0.4872,,BID,0.4872,0.48748,0.057,,,,,29.03,59.57937192,96.7569,0.3,,0.478,,1787392323876,,1.888,,,,,,,MEXC above DEX anchor,
CLOSE,a2d4e02b-ea24-4a98-8794-00930797f34a,BTW_USDT,SHORT,CLOSED,2026-08-22T09:52:04.234Z,2026-08-22T09:52:36.077Z,0.4872,0.48585,BID,0.4872,0.48748,0.057,ASK,0.48573,0.48585,0.02470203174211264,29.03,59.57937192,96.7569,0.3,96.8025,0.478,0.4896,1787392323876,1787392355960,1.888,-0.7967,0.2771,0.1571,0.0804,0.0456,31843,MEXC above DEX anchor,mean_reverted_profit
OPEN,4f5c6c6c-044e-4128-b96e-06d37304fd75,BASECAT_USDT,LONG,OPEN,2026-08-22T10:02:39.976Z,,0.03276,,ASK,0.03267,0.03276,0.275,,,,,29.04,886.46978022,96.8025,0.3,,0.03408,,1787392959638,,4.029,,,,,,,MEXC below DEX anchor,
CLOSE,4f5c6c6c-044e-4128-b96e-06d37304fd75,BASECAT_USDT,LONG,CLOSED,2026-08-22T10:02:39.976Z,2026-08-22T10:03:27.573Z,0.03276,0.032978,ASK,0.03267,0.03276,0.275,BID,0.03296,0.0331,0.4238570996064011,29.04,886.46978022,96.8025,0.3,96.9609,0.03408,0.03408,1787392959638,1787393005640,4.029,2.9607,0.6654,0.5454,0.1932,0.1584,47597,MEXC below DEX anchor,trailing_stop
OPEN,054c64cc-3c3c-4b94-ab0d-215db07cc2b5,BASECAT_USDT,LONG,OPEN,2026-08-22T10:04:31.036Z,,0.03372,,ASK,0.03362,0.03372,0.297,,,,,29.09,862.64145907,96.9609,0.3,,0.0342,,1787393069675,,1.423,,,,,,,MEXC below DEX anchor,
CLOSE,054c64cc-3c3c-4b94-ab0d-215db07cc2b5,BASECAT_USDT,LONG,CLOSED,2026-08-22T10:04:31.036Z,2026-08-22T10:04:57.436Z,0.03372,0.033884,ASK,0.03362,0.03372,0.297,BID,0.03361,0.03362,0.029748624126122634,29.09,862.64145907,96.9609,0.3,97.0675,0.0342,0.0342,1787393069675,1787393095691,1.423,1.7252,0.4866,0.3666,0.1416,0.1066,26400,MEXC below DEX anchor,trailing_stop
OPEN,1929c1b7-7d4b-410f-9fa0-4fc600e2f523,BASECAT_USDT,LONG,OPEN,2026-08-22T10:05:50.134Z,,0.03375,,ASK,0.0337,0.03375,0.148,,,,,29.12,862.82222222,97.0675,0.3,,0.03468,,1787393150039,,2.756,,,,,,,MEXC below DEX anchor,
OPEN,d93b9647-dbca-4e67-92cf-6557f52d3596,BTW_USDT,LONG,OPEN,2026-08-22T10:07:13.938Z,,0.47578,,ASK,0.47562,0.47578,0.034,,,,,29.12,61.20528395,97.0675,0.3,,0.4865,,1787393233796,,2.253,,,,,,,MEXC below DEX anchor,
CLOSE,d93b9647-dbca-4e67-92cf-6557f52d3596,BTW_USDT,LONG,CLOSED,2026-08-22T10:07:13.938Z,2026-08-22T10:07:56.137Z,0.47578,0.466749,ASK,0.47562,0.47578,0.034,BID,0.4671,0.46721,0.023546788539135617,29.12,61.20528395,97.0675,0.3,96.4798,0.4865,0.4738,1787393233796,1787393275833,2.253,1.4105,-1.8982,-2.0182,-0.5528,-0.5877,42199,MEXC below DEX anchor,stop_loss
CLOSE,1929c1b7-7d4b-410f-9fa0-4fc600e2f523,BASECAT_USDT,LONG,CLOSED,2026-08-22T10:05:50.134Z,2026-08-22T10:08:46.977Z,0.03375,0.03311,ASK,0.0337,0.03375,0.148,BID,0.03312,0.0332,0.24125452352232718,29.12,862.82222222,97.0675,0.3,95.8925,0.03468,0.03459,1787393150039,1787393325852,2.756,4.1867,-1.8967,-2.0167,-0.5523,-0.5873,176843,MEXC below DEX anchor,stop_loss
OPEN,cca2c209-c0cd-49a0-83ff-922856924560,ESP_USDT,LONG,OPEN,2026-08-22T10:11:50.982Z,,0.08827,,ASK,0.08823,0.08827,0.045,,,,,28.77,325.90631018,95.8925,0.3,,0.0896,,1787393510088,,1.507,,,,,,,MEXC below DEX anchor,
CLOSE,cca2c209-c0cd-49a0-83ff-922856924560,ESP_USDT,LONG,CLOSED,2026-08-22T10:11:50.982Z,2026-08-22T10:26:52.067Z,0.08827,0.08692,ASK,0.08823,0.08827,0.045,BID,0.08692,0.08694,0.02300701714023481,28.77,325.90631018,95.8925,0.3,95.418,0.0896,0.08711,1787393510088,1787394410370,1.507,0.1955,-1.5294,-1.6494,-0.44,-0.4745,901085,MEXC below DEX anchor,timeout
OPEN,bab221e2-af7d-4ea2-83a5-30446db2a5a6,BASECAT_USDT,LONG,OPEN,2026-08-22T10:27:13.935Z,,0.03386,,ASK,0.03384,0.03386,0.059,,,,,28.63,845.40460721,95.418,0.3,,0.03445,,1787394432301,,1.742,,,,,,,MEXC below DEX anchor,
CLOSE,bab221e2-af7d-4ea2-83a5-30446db2a5a6,BASECAT_USDT,LONG,CLOSED,2026-08-22T10:27:13.935Z,2026-08-22T10:28:09.809Z,0.03386,0.033218,ASK,0.03384,0.03386,0.059,BID,0.03311,0.03326,0.4520114509567496,28.63,845.40460721,95.418,0.3,94.8406,0.03445,0.03447,1787394432301,1787394488915,1.742,3.638,-1.8968,-2.0168,-0.543,-0.5774,55874,MEXC below DEX anchor,stop_loss
OPEN,3f303e47-c9e3-4399-a3ff-6d59cf4a0ab3,BRETT_USDT,SHORT,OPEN,2026-08-22T10:28:14.875Z,,0.005194,,BID,0.005194,0.005195,0.019,,,,,28.45,5477.89372353,94.8406,0.3,,0.005122,,1787394494497,,1.386,,,,,,,MEXC above DEX anchor,
OPEN,df426c91-7d24-494b-b867-f3acf716a21b,CATE_USDT,LONG,OPEN,2026-08-22T10:33:52.075Z,,0.054562,,ASK,0.054471,0.054562,0.167,,,,,28.45,521.46512225,94.8406,0.3,,0.0554,,1787394830469,,1.536,,,,,,,MEXC below DEX anchor,
CLOSE,df426c91-7d24-494b-b867-f3acf716a21b,CATE_USDT,LONG,CLOSED,2026-08-22T10:33:52.075Z,2026-08-22T10:35:03.567Z,0.054562,0.05525,ASK,0.054471,0.054562,0.167,BID,0.05525,0.0555,0.4514672686230252,28.45,521.46512225,94.8406,0.3,95.1652,0.0554,0.05529,1787394830469,1787394902504,1.536,-0.3784,1.261,1.141,0.3587,0.3246,71492,MEXC below DEX anchor,mean_reverted_profit
CLOSE,3f303e47-c9e3-4399-a3ff-6d59cf4a0ab3,BRETT_USDT,SHORT,CLOSED,2026-08-22T10:28:14.875Z,2026-08-22T10:37:29.078Z,0.005194,0.005292,BID,0.005194,0.005195,0.019,ASK,0.005285,0.005287,0.03783579265986125,28.45,5477.89372353,94.8406,0.3,94.5927,0.005122,0.005255,1787394494497,1787395048618,1.386,0.5676,-1.8923,-2.0123,-0.5384,-0.5725,554203,MEXC above DEX anchor,stop_loss
OPEN,a2a7d90d-ea03-49f7-9a60-73d664ce56d3,COTI_USDT,LONG,OPEN,2026-08-22T10:37:31.602Z,,0.011587,,ASK,0.011582,0.011587,0.043,,,,,28.38,2449.10762061,94.5927,0.3,,0.01205,,1787395050649,,3.996,,,,,,,MEXC below DEX anchor,
CLOSE,a2a7d90d-ea03-49f7-9a60-73d664ce56d3,COTI_USDT,LONG,CLOSED,2026-08-22T10:37:31.602Z,2026-08-22T10:50:28.942Z,0.011587,0.011602,ASK,0.011582,0.011587,0.043,BID,0.01161,0.011615,0.043057050592032686,28.38,2449.10762061,94.5927,0.3,94.5963,0.01205,0.01182,1787395050649,1787395826955,3.996,1.765,0.1328,0.0128,0.0377,0.0036,777340,MEXC below DEX anchor,trailing_stop
OPEN,537b450b-665f-4cc4-b2a9-b9f6da5a17a8,PORTAL_USDT,LONG,OPEN,2026-08-22T10:52:20.484Z,,0.01327,,ASK,0.01326,0.01327,0.075,,,,,28.38,2138.57498116,94.5963,0.3,,0.01349,,1787395938960,,1.658,,,,,,,MEXC below DEX anchor,
CLOSE,537b450b-665f-4cc4-b2a9-b9f6da5a17a8,PORTAL_USDT,LONG,CLOSED,2026-08-22T10:52:20.484Z,2026-08-22T10:52:57.473Z,0.01327,0.013347,ASK,0.01326,0.01327,0.075,BID,0.01335,0.01336,0.0748783227255679,28.38,2138.57498116,94.5963,0.3,94.7262,0.01349,0.01346,1787395938960,1787395976979,1.658,0.7485,0.5775,0.4575,0.1639,0.1299,36989,MEXC below DEX anchor,trailing_stop
OPEN,0a1497af-fe9e-4ab4-9f7c-0eee4c58f733,PORTAL_USDT,LONG,OPEN,2026-08-22T10:53:39.684Z,,0.01333,,ASK,0.01332,0.01333,0.075,,,,,28.42,2131.87246812,94.7262,0.3,,0.01355,,1787396019005,,1.65,,,,,,,MEXC below DEX anchor,
CLOSE,0a1497af-fe9e-4ab4-9f7c-0eee4c58f733,PORTAL_USDT,LONG,CLOSED,2026-08-22T10:53:39.684Z,2026-08-22T10:55:33.643Z,0.01333,0.0134,ASK,0.01332,0.01333,0.075,BID,0.0134,0.01342,0.14914243102161956,28.42,2131.87246812,94.7262,0.3,94.8413,0.01355,0.01345,1787396019005,1787396133074,1.65,0.2235,0.5251,0.4051,0.1492,0.1151,113959,MEXC below DEX anchor,mean_reverted_profit
OPEN,4e1c5d7b-aaa5-4713-8ff0-4dc03d0777ad,JIMOTHY_USDT,SHORT,OPEN,2026-08-22T10:56:05.408Z,,0.011825,,BID,0.011825,0.01185,0.211,,,,,28.45,2406.1217759,94.8413,0.3,,0.01165,,1787396165092,,1.48,,,,,,,MEXC above DEX anchor,
OPEN,166a444e-a524-4d71-aa0f-ff109c88fd10,PORTAL_USDT,LONG,OPEN,2026-08-22T10:56:47.646Z,,0.01333,,ASK,0.01332,0.01333,0.075,,,,,28.45,2134.46286572,94.8413,0.3,,0.01362,,1787396207095,,2.176,,,,,,,MEXC below DEX anchor,
CLOSE,4e1c5d7b-aaa5-4713-8ff0-4dc03d0777ad,JIMOTHY_USDT,SHORT,CLOSED,2026-08-22T10:56:05.408Z,2026-08-22T10:58:46.531Z,0.011825,0.011443,BID,0.011825,0.01185,0.211,ASK,0.0114,0.011443,0.376482948824582,28.45,2406.1217759,94.8413,0.3,95.7262,0.01165,0.01138,1787396165092,1787396325134,1.48,0.1754,3.2304,3.1104,0.9191,0.8849,161123,MEXC above DEX anchor,mean_reverted_profit
CLOSE,166a444e-a524-4d71-aa0f-ff109c88fd10,PORTAL_USDT,LONG,CLOSED,2026-08-22T10:56:47.646Z,2026-08-22T11:03:20.126Z,0.01333,0.01337,ASK,0.01332,0.01333,0.075,BID,0.01337,0.01338,0.07476635514018387,28.45,2134.46286572,94.8413,0.3,95.7774,0.01362,0.01341,1787396207095,1787396599290,2.176,0.2242,0.3001,0.1801,0.0854,0.0512,392480,MEXC below DEX anchor,mean_reverted_profit
OPEN,bccac382-2133-4b3b-8def-da8d2cd73cf2,JIMOTHY_USDT,SHORT,OPEN,2026-08-22T11:04:39.528Z,,0.011575,,BID,0.011575,0.01161,0.302,,,,,28.73,2482.35161987,95.7774,0.3,,0.01134,,1787396679327,,2.03,,,,,,,MEXC above DEX anchor,
OPEN,c8967dba-2da6-4a94-8400-5b4f2fdd7fd9,PORTAL_USDT,LONG,OPEN,2026-08-22T11:05:27.497Z,,0.01326,,ASK,0.01325,0.01326,0.075,,,,,28.73,2166.90950226,95.7774,0.3,,0.01353,,1787396727329,,2.036,,,,,,,MEXC below DEX anchor,
CLOSE,c8967dba-2da6-4a94-8400-5b4f2fdd7fd9,PORTAL_USDT,LONG,CLOSED,2026-08-22T11:05:27.497Z,2026-08-22T11:10:16.332Z,0.01326,0.013008,ASK,0.01325,0.01326,0.075,BID,0.013,0.01301,0.07689350249904904,28.73,2166.90950226,95.7774,0.3,95.1969,0.01353,0.01338,1787396727329,1787397015500,2.036,2.844,-1.9006,-2.0206,-0.546,-0.5805,288835,MEXC below DEX anchor,stop_loss
CLOSE,bccac382-2133-4b3b-8def-da8d2cd73cf2,JIMOTHY_USDT,SHORT,CLOSED,2026-08-22T11:04:39.528Z,2026-08-22T11:10:40.194Z,0.011575,0.011795,BID,0.011575,0.01161,0.302,ASK,0.01185,0.011899,0.41264895364015697,28.73,2482.35161987,95.7774,0.3,94.6169,0.01134,0.01137,1787396679327,1787397039446,2.03,4.0506,-1.8988,-2.0188,-0.5455,-0.58,360666,MEXC above DEX anchor,stop_loss
OPEN,3cf70477-c18f-46d1-9d33-af21ab35e88e,BTW_USDT,SHORT,OPEN,2026-08-22T11:20:44.120Z,,0.45062,,BID,0.45062,0.45079,0.038,,,,,28.39,62.99114553,94.6169,0.3,,0.4452,,1787397643781,,1.203,,,,,,,MEXC above DEX anchor,
CLOSE,3cf70477-c18f-46d1-9d33-af21ab35e88e,BTW_USDT,SHORT,CLOSED,2026-08-22T11:20:44.120Z,2026-08-22T11:23:02.393Z,0.45062,0.44943,BID,0.45062,0.45079,0.038,ASK,0.44942,0.44943,0.0022250653612972135,28.39,62.99114553,94.6169,0.3,94.6578,0.4452,0.4522,1787397643781,1787397781896,1.203,-0.6186,0.2641,0.1441,0.075,0.0409,138273,MEXC above DEX anchor,mean_reverted_profit
OPEN,79dcd2cb-f1f7-4ca3-b9bd-a7e64fac65e9,JIMOTHY_USDT,SHORT,OPEN,2026-08-22T11:29:37.544Z,,0.0114,,BID,0.0114,0.011425,0.219,,,,,28.4,2490.99473684,94.6578,0.3,,0.01115,,1787398175961,,2.193,,,,,,,MEXC above DEX anchor,
CLOSE,79dcd2cb-f1f7-4ca3-b9bd-a7e64fac65e9,JIMOTHY_USDT,SHORT,CLOSED,2026-08-22T11:29:37.544Z,2026-08-22T11:32:26.537Z,0.0114,0.0113,BID,0.0114,0.011425,0.219,ASK,0.011264,0.0113,0.3190923595107213,28.4,2490.99473684,94.6578,0.3,94.8728,0.01115,0.01127,1787398175961,1787398346035,2.193,-0.0533,0.8772,0.7572,0.2491,0.215,168993,MEXC above DEX anchor,mean_reverted_profit
OPEN,3cd51e05-8bd0-498e-95e8-ba01219f9a68,JIMOTHY_USDT,SHORT,OPEN,2026-08-22T11:33:38.128Z,,0.0115,,BID,0.0115,0.01153,0.261,,,,,28.46,2474.9426087,94.8728,0.3,,0.0112,,1787398418019,,2.609,,,,,,,MEXC above DEX anchor,
CLOSE,3cd51e05-8bd0-498e-95e8-ba01219f9a68,JIMOTHY_USDT,SHORT,CLOSED,2026-08-22T11:33:38.128Z,2026-08-22T11:36:01.015Z,0.0115,0.01147,BID,0.0115,0.01153,0.261,ASK,0.011425,0.011475,0.43668122270743603,28.46,2474.9426087,94.8728,0.3,94.9118,0.0112,0.01116,1787398418019,1787398560075,2.609,2.3195,0.2569,0.1369,0.0731,0.039,142887,MEXC above DEX anchor,trailing_stop
OPEN,05beca87-ea4d-4f08-a4e4-b1bd49e07a08,BTW_USDT,SHORT,OPEN,2026-08-22T11:37:36.327Z,,0.45504,,BID,0.45504,0.45505,0.002,,,,,28.47,62.57370781,94.9118,0.3,,0.4487,,1787398656203,,1.393,,,,,,,MEXC above DEX anchor,
OPEN,862ad141-ccba-4f3b-8526-e32cce404c77,JIMOTHY_USDT,SHORT,OPEN,2026-08-22T11:37:52.230Z,,0.01145,,BID,0.01145,0.011474,0.209,,,,,28.47,2486.7720524,94.9118,0.3,,0.01124,,1787398672143,,1.834,,,,,,,MEXC above DEX anchor,
CLOSE,05beca87-ea4d-4f08-a4e4-b1bd49e07a08,BTW_USDT,SHORT,CLOSED,2026-08-22T11:37:36.327Z,2026-08-22T11:38:05.466Z,0.45504,0.453247,BID,0.45504,0.45505,0.002,ASK,0.45317,0.45327,0.022064339614312912,28.47,62.57370781,94.9118,0.3,94.9898,0.4487,0.4547,1787398656203,1787398685185,1.393,-0.3376,0.3941,0.2741,0.1122,0.078,29139,MEXC above DEX anchor,trailing_stop
CLOSE,862ad141-ccba-4f3b-8526-e32cce404c77,JIMOTHY_USDT,SHORT,CLOSED,2026-08-22T11:37:52.230Z,2026-08-22T11:43:12.726Z,0.01145,0.011345,BID,0.01145,0.011474,0.209,ASK,0.0113,0.01135,0.4415011037527721,28.47,2486.7720524,94.9118,0.3,95.2159,0.01124,0.01121,1787398672143,1787398992315,1.834,0.7965,0.9141,0.7941,0.2602,0.2261,320496,MEXC above DEX anchor,trailing_stop
OPEN,f05471f9-245a-4a1c-b6a8-29cf9c19b1dd,CATE_USDT,SHORT,OPEN,2026-08-22T11:45:33.855Z,,0.05692,,BID,0.05692,0.05708,0.281,,,,,28.56,501.84065355,95.2159,0.3,,0.05618,,1787399132349,,1.3,,,,,,,MEXC above DEX anchor,
CLOSE,f05471f9-245a-4a1c-b6a8-29cf9c19b1dd,CATE_USDT,SHORT,CLOSED,2026-08-22T11:45:33.855Z,2026-08-22T11:46:45.145Z,0.05692,0.056818,BID,0.05692,0.05708,0.281,ASK,0.056846,0.0571,0.44582521545292914,28.56,501.84065355,95.2159,0.3,95.2329,0.05618,0.05652,1787399132349,1787399204375,1.3,0.5735,0.1796,0.0596,0.0513,0.017,71290,MEXC above DEX anchor,trailing_stop
OPEN,d1689beb-a013-4958-a662-80c32e32f797,PORTAL_USDT,SHORT,OPEN,2026-08-22T11:50:06.483Z,,0.01376,,BID,0.01376,0.01378,0.145,,,,,28.57,2076.29869186,95.2329,0.3,,0.01352,,1787399404619,,1.744,,,,,,,MEXC above DEX anchor,
CLOSE,d1689beb-a013-4958-a662-80c32e32f797,PORTAL_USDT,SHORT,CLOSED,2026-08-22T11:50:06.483Z,2026-08-22T11:50:35.810Z,0.01376,0.013635,BID,0.01376,0.01378,0.145,ASK,0.01369,0.0137,0.07301935012778088,28.57,2076.29869186,95.2329,0.3,95.4589,0.01352,0.01358,1787399404619,1787399434606,1.744,0.8035,0.9112,0.7912,0.2603,0.226,29327,MEXC above DEX anchor,trailing_stop
OPEN,7a2d849c-2073-413a-840d-08200ffba9ce,PORTAL_USDT,SHORT,OPEN,2026-08-22T11:51:13.162Z,,0.01376,,BID,0.01376,0.01377,0.073,,,,,28.64,2081.22601744,95.4589,0.3,,0.0135,,1787399472554,,1.89,,,,,,,MEXC above DEX anchor,
CLOSE,7a2d849c-2073-413a-840d-08200ffba9ce,PORTAL_USDT,SHORT,CLOSED,2026-08-22T11:51:13.162Z,2026-08-22T11:51:47.797Z,0.01376,0.01365,BID,0.01376,0.01377,0.073,ASK,0.01363,0.01365,0.14662756598241145,28.64,2081.22601744,95.4589,0.3,95.6535,0.0135,0.01361,1787399472554,1787399506573,1.89,0.1467,0.7994,0.6794,0.229,0.1946,34635,MEXC above DEX anchor,mean_reverted_profit
OPEN,e40b661e-32cc-4d1f-90f8-41c31867f1af,CATE_USDT,SHORT,OPEN,2026-08-22T11:54:32.390Z,,0.059818,,BID,0.059818,0.059998,0.3,,,,,28.7,479.72265873,95.6535,0.3,,0.05882,,1787399670591,,1.668,,,,,,,MEXC above DEX anchor,
CLOSE,e40b661e-32cc-4d1f-90f8-41c31867f1af,CATE_USDT,SHORT,CLOSED,2026-08-22T11:54:32.390Z,2026-08-22T11:56:36.692Z,0.059818,0.0594,BID,0.059818,0.059998,0.3,ASK,0.059368,0.0594,0.053886568772740555,28.7,479.72265873,95.6535,0.3,95.8196,0.05882,0.05938,1787399670591,1787399794655,1.668,-0.0202,0.6988,0.5788,0.2006,0.1661,124302,MEXC above DEX anchor,mean_reverted_profit
OPEN,814f5664-a74e-4bd7-b4ee-de75c93a6130,PORTAL_USDT,LONG,OPEN,2026-08-22T12:02:34.198Z,,0.01298,,ASK,0.01297,0.01298,0.077,,,,,28.75,2214.62865948,95.8196,0.3,,0.01319,,1787400152833,,1.618,,,,,,,MEXC below DEX anchor,
CLOSE,814f5664-a74e-4bd7-b4ee-de75c93a6130,PORTAL_USDT,LONG,CLOSED,2026-08-22T12:02:34.198Z,2026-08-22T12:05:45.351Z,0.01298,0.01301,ASK,0.01297,0.01298,0.077,BID,0.01301,0.01302,0.07683442182097266,28.75,2214.62865948,95.8196,0.3,95.8515,0.01319,0.01287,1787400152833,1787400344925,1.618,-1.1521,0.2311,0.1111,0.0664,0.0319,191153,MEXC below DEX anchor,mean_reverted_profit
OPEN,c0ee99a2-4e01-42f2-9a0f-b3269e26587d,BTW_USDT,SHORT,OPEN,2026-08-22T12:07:41.834Z,,0.45282,,BID,0.45282,0.45287,0.011,,,,,28.76,63.50304757,95.8515,0.3,,0.4472,,1787400461030,,1.241,,,,,,,MEXC above DEX anchor,
CLOSE,c0ee99a2-4e01-42f2-9a0f-b3269e26587d,BTW_USDT,SHORT,CLOSED,2026-08-22T12:07:41.834Z,2026-08-22T12:08:13.724Z,0.45282,0.45067,BID,0.45282,0.45287,0.011,ASK,0.45054,0.45067,0.028850101530169214,28.76,63.50304757,95.8515,0.3,95.9535,0.4472,0.452,1787400461030,1787400493044,1.241,-0.3241,0.4748,0.3548,0.1366,0.102,31890,MEXC above DEX anchor,mean_reverted_profit
OPEN,4c9f37fa-394e-434c-b5ea-7f4a16ef9bdd,CATE_USDT,SHORT,OPEN,2026-08-22T12:10:59.203Z,,0.0622,,BID,0.0622,0.062409,0.335,,,,,28.79,462.79823151,95.9535,0.3,,0.06139,,1787400659021,,1.302,,,,,,,MEXC above DEX anchor,
CLOSE,4c9f37fa-394e-434c-b5ea-7f4a16ef9bdd,CATE_USDT,SHORT,CLOSED,2026-08-22T12:10:59.203Z,2026-08-22T12:11:31.141Z,0.0622,0.06176,BID,0.0622,0.062409,0.335,ASK,0.06164,0.06176,0.19448946515397414,28.79,462.79823151,95.9535,0.3,96.1226,0.06139,0.06185,1787400659021,1787400691040,1.302,-0.3407,0.7074,0.5874,0.2037,0.1691,31938,MEXC above DEX anchor,mean_reverted_profit
OPEN,95135863-c364-46d1-910f-3c82d7479f07,CATE_USDT,SHORT,OPEN,2026-08-22T12:13:09.443Z,,0.06151,,BID,0.06151,0.06156,0.081,,,,,28.84,468.81450171,96.1226,0.3,,0.06066,,1787400789079,,1.382,,,,,,,MEXC above DEX anchor,
CLOSE,95135863-c364-46d1-910f-3c82d7479f07,CATE_USDT,SHORT,CLOSED,2026-08-22T12:13:09.443Z,2026-08-22T12:14:55.783Z,0.06151,0.060818,BID,0.06151,0.06156,0.081,ASK,0.060748,0.060818,0.11516377934618838,28.84,468.81450171,96.1226,0.3,96.4124,0.06066,0.06061,1787400789079,1787400895129,1.382,0.2272,1.125,1.005,0.3245,0.2898,106340,MEXC above DEX anchor,mean_reverted_profit
OPEN,e55c63e3-7613-4ec0-b0cb-5d41353a84a8,BTW_USDT,SHORT,OPEN,2026-08-22T12:15:56.470Z,,0.43449,,BID,0.43449,0.43462,0.03,,,,,28.92,66.56935718,96.4124,0.3,,0.4267,,1787400955241,,1.793,,,,,,,MEXC above DEX anchor,
OPEN,e31ecb5f-1f09-447d-9762-226ace609d46,JIMOTHY_USDT,SHORT,OPEN,2026-08-22T12:17:29.579Z,,0.01155,,BID,0.01155,0.01159,0.346,,,,,28.92,2504.21818182,96.4124,0.3,,0.01137,,1787401049289,,1.558,,,,,,,MEXC above DEX anchor,
CLOSE,e31ecb5f-1f09-447d-9762-226ace609d46,JIMOTHY_USDT,SHORT,CLOSED,2026-08-22T12:17:29.579Z,2026-08-22T12:18:28.314Z,0.01155,0.01177,BID,0.01155,0.01159,0.346,ASK,0.01175,0.0118,0.4246284501061545,28.92,2504.21818182,96.4124,0.3,95.8274,0.01137,0.01138,1787401049289,1787401107263,1.558,3.1489,-1.9027,-2.0227,-0.5503,-0.585,58735,MEXC above DEX anchor,stop_loss
CLOSE,e55c63e3-7613-4ec0-b0cb-5d41353a84a8,BTW_USDT,SHORT,CLOSED,2026-08-22T12:15:56.470Z,2026-08-22T12:20:43.944Z,0.43449,0.43323,BID,0.43449,0.43462,0.03,ASK,0.43318,0.43323,0.011541879710528384,28.92,66.56935718,96.4124,0.3,95.8766,0.4267,0.4358,1787400955241,1787401243359,1.793,-0.6048,0.29,0.17,0.0839,0.0492,287474,MEXC above DEX anchor,mean_reverted_profit
OPEN,b9d96cd1-f644-4cdc-be92-151714bcd9d5,CATE_USDT,SHORT,OPEN,2026-08-22T12:21:13.865Z,,0.058891,,BID,0.058891,0.05909,0.337,,,,,28.76,488.41045321,95.8766,0.3,,0.0573,,1787401273293,,2.702,,,,,,,MEXC above DEX anchor,
CLOSE,b9d96cd1-f644-4cdc-be92-151714bcd9d5,CATE_USDT,SHORT,CLOSED,2026-08-22T12:21:13.865Z,2026-08-22T12:21:45.753Z,0.058891,0.0582,BID,0.058891,0.05909,0.337,ASK,0.058,0.0582,0.34423407917383614,28.76,488.41045321,95.8766,0.3,96.1795,0.0573,0.05818,1787401273293,1787401305305,2.702,-0.3103,1.1734,1.0534,0.3375,0.3029,31888,MEXC above DEX anchor,mean_reverted_profit
OPEN,071e4877-fb91-48a2-b639-59e9dd6869f5,CATE_USDT,SHORT,OPEN,2026-08-22T12:25:36.279Z,,0.05812,,BID,0.05812,0.058299,0.308,,,,,28.85,496.45302822,96.1795,0.3,,0.05686,,1787401535401,,2.168,,,,,,,MEXC above DEX anchor,
CLOSE,071e4877-fb91-48a2-b639-59e9dd6869f5,CATE_USDT,SHORT,CLOSED,2026-08-22T12:25:36.279Z,2026-08-22T12:27:40.860Z,0.05812,0.057895,BID,0.05812,0.058299,0.308,ASK,0.057697,0.05786,0.28211185821716284,28.85,496.45302822,96.1795,0.3,96.2566,0.05686,0.05635,1787401535401,1787401659457,2.168,2.3346,0.3874,0.2674,0.1118,0.0771,124581,MEXC above DEX anchor,trailing_stop
OPEN,89fdd566-5760-43fa-8c45-925604b7e12d,CATE_USDT,SHORT,OPEN,2026-08-22T12:28:31.265Z,,0.058016,,BID,0.058016,0.05812,0.179,,,,,28.88,497.74165747,96.2566,0.3,,0.05675,,1787401709473,,2.182,,,,,,,MEXC above DEX anchor,
CLOSE,89fdd566-5760-43fa-8c45-925604b7e12d,CATE_USDT,SHORT,CLOSED,2026-08-22T12:28:31.265Z,2026-08-22T12:31:45.068Z,0.058016,0.057729,BID,0.058016,0.05812,0.179,ASK,0.057551,0.05777,0.3798094015834131,28.88,497.74165747,96.2566,0.3,96.365,0.05675,0.05673,1787401709473,1787401903564,2.182,1.4266,0.4953,0.3753,0.143,0.1084,193803,MEXC above DEX anchor,trailing_stop
OPEN,7721728a-8055-4ec2-b4da-204bf7ca245a,CATE_USDT,SHORT,OPEN,2026-08-22T12:32:51.181Z,,0.057766,,BID,0.057766,0.057968,0.349,,,,,28.91,500.45874736,96.365,0.3,,0.05685,,1787401969592,,1.586,,,,,,,MEXC above DEX anchor,
CLOSE,7721728a-8055-4ec2-b4da-204bf7ca245a,CATE_USDT,SHORT,CLOSED,2026-08-22T12:32:51.181Z,2026-08-22T12:33:23.022Z,0.057766,0.058865,BID,0.057766,0.057968,0.349,ASK,0.05875,0.058894,0.24480636496549799,28.91,500.45874736,96.365,0.3,95.7804,0.05685,0.05685,1787401969592,1787402001612,1.586,3.234,-1.9022,-2.0222,-0.5499,-0.5846,31841,MEXC above DEX anchor,stop_loss
OPEN,271f1df6-aae1-42a6-b00f-8d77794fef68,BASECAT_USDT,LONG,OPEN,2026-08-22T12:35:56.542Z,,0.0353,,ASK,0.03521,0.0353,0.255,,,,,28.73,813.99773371,95.7804,0.3,,0.03579,,1787402155752,,1.388,,,,,,,MEXC below DEX anchor,
CLOSE,271f1df6-aae1-42a6-b00f-8d77794fef68,BASECAT_USDT,LONG,CLOSED,2026-08-22T12:35:56.542Z,2026-08-22T12:36:12.192Z,0.0353,0.03463,ASK,0.03521,0.0353,0.255,BID,0.03458,0.0346,0.0578201792425533,28.73,813.99773371,95.7804,0.3,95.2009,0.03579,0.03582,1787402155752,1787402172030,1.388,3.526,-1.8971,-2.0171,-0.545,-0.5795,15650,MEXC below DEX anchor,stop_loss
OPEN,d1381489-58cc-4050-aab7-7bc6f7919bf0,JIMOTHY_USDT,SHORT,OPEN,2026-08-22T12:42:25.207Z,,0.01215,,BID,0.01215,0.012187,0.304,,,,,28.56,2350.63950617,95.2009,0.3,,0.01192,,1787402543855,,1.893,,,,,,,MEXC above DEX anchor,
CLOSE,d1381489-58cc-4050-aab7-7bc6f7919bf0,JIMOTHY_USDT,SHORT,CLOSED,2026-08-22T12:42:25.207Z,2026-08-22T12:47:22.162Z,0.01215,0.012123,BID,0.01215,0.012187,0.304,ASK,0.0121,0.012136,0.29707872586235,28.56,2350.63950617,95.2009,0.3,95.2298,0.01192,0.01192,1787402543855,,1.893,,0.2213,0.1013,0.0632,0.0289,296955,MEXC above DEX anchor,trailing_stop
OPEN,130f528d-5b31-48fd-90a4-8a0bf703405c,JIMOTHY_USDT,SHORT,OPEN,2026-08-22T12:51:25.361Z,,0.012275,,BID,0.012275,0.012312,0.301,,,,,28.57,2327.40855397,95.2298,0.3,,0.01204,,1787403084252,,1.914,,,,,,,MEXC above DEX anchor,
CLOSE,130f528d-5b31-48fd-90a4-8a0bf703405c,JIMOTHY_USDT,SHORT,CLOSED,2026-08-22T12:51:25.361Z,2026-08-22T12:52:34.040Z,0.012275,0.012508,BID,0.012275,0.012312,0.301,ASK,0.012375,0.012519,1.1569052783803329,28.57,2327.40855397,95.2298,0.3,94.6521,0.01204,0.01209,1787403084252,1787403152056,1.914,2.303,-1.9022,-2.0222,-0.5435,-0.5777,68679,MEXC above DEX anchor,stop_loss
OPEN,cc0b95e0-0046-4a2e-87f4-cd3b2963d609,CATE_USDT,SHORT,OPEN,2026-08-22T12:55:28.577Z,,0.0624,,BID,0.0624,0.0626,0.32,,,,,28.4,455.05817308,94.6521,0.3,,0.06159,,1787403328132,,1.298,,,,,,,MEXC above DEX anchor,
CLOSE,cc0b95e0-0046-4a2e-87f4-cd3b2963d609,CATE_USDT,SHORT,CLOSED,2026-08-22T12:55:28.577Z,2026-08-22T12:56:21.306Z,0.0624,0.062199,BID,0.0624,0.0626,0.32,ASK,0.062092,0.062199,0.1721765855934798,28.4,455.05817308,94.6521,0.3,94.7095,0.06159,0.06196,1787403328132,1787403380156,1.298,0.2126,0.3221,0.2021,0.0915,0.0574,52729,MEXC above DEX anchor,mean_reverted_profit
OPEN,d51e6047-7460-473b-ad14-67cbe7990712,CATE_USDT,SHORT,OPEN,2026-08-22T12:59:31.857Z,,0.061467,,BID,0.061467,0.061647,0.292,,,,,28.41,462.2455952,94.7095,0.3,,0.06072,,1787403570272,,1.215,,,,,,,MEXC above DEX anchor,
CLOSE,d51e6047-7460-473b-ad14-67cbe7990712,CATE_USDT,SHORT,CLOSED,2026-08-22T12:59:31.857Z,2026-08-22T13:01:10.091Z,0.061467,0.061,BID,0.061467,0.061647,0.292,ASK,0.060776,0.061,0.36788858231507354,28.41,462.2455952,94.7095,0.3,94.8913,0.06072,0.06073,1787403570272,1787403668256,1.215,0.0757,0.7598,0.6398,0.2158,0.1818,98234,MEXC above DEX anchor,mean_reverted_profit
OPEN,1def4707-202a-4a68-aef9-c87eed1ee8c8,CATE_USDT,LONG,OPEN,2026-08-22T13:02:19.206Z,,0.059519,,ASK,0.059378,0.059519,0.237,,,,,28.47,478.2907979,94.8913,0.3,,0.06049,,1787403738272,,1.631,,,,,,,MEXC below DEX anchor,
CLOSE,1def4707-202a-4a68-aef9-c87eed1ee8c8,CATE_USDT,LONG,CLOSED,2026-08-22T13:02:19.206Z,2026-08-22T13:02:51.065Z,0.059519,0.059846,ASK,0.059378,0.059519,0.237,BID,0.059846,0.060094,0.41354010338502284,28.47,478.2907979,94.8913,0.3,95.0136,0.06049,0.05947,1787403738272,1787403770286,1.631,-1.0384,0.5494,0.4294,0.1564,0.1223,31859,MEXC below DEX anchor,mean_reverted_profit
OPEN,251f2e52-b747-4bfe-81f9-d1dd1314997a,JIMOTHY_USDT,SHORT,OPEN,2026-08-22T13:08:29.287Z,,0.012825,,BID,0.012825,0.01285,0.195,,,,,28.5,2222.54035088,95.0136,0.3,,0.01266,,1787404108409,,1.287,,,,,,,MEXC above DEX anchor,
CLOSE,251f2e52-b747-4bfe-81f9-d1dd1314997a,JIMOTHY_USDT,SHORT,CLOSED,2026-08-22T13:08:29.287Z,2026-08-22T13:11:23.272Z,0.012825,0.012751,BID,0.012825,0.01285,0.195,ASK,0.012725,0.01276,0.2746713753188174,28.5,2222.54035088,95.0136,0.3,95.1444,0.01266,0.0125,1787404108409,1787404282488,1.287,1.7682,0.579,0.459,0.165,0.1308,173985,MEXC above DEX anchor,trailing_stop
OPEN,3e13e845-555d-40ae-9bee-1e58bc548e6f,CATE_USDT,SHORT,OPEN,2026-08-22T13:11:47.365Z,,0.061007,,BID,0.061007,0.061174,0.273,,,,,28.54,467.86958874,95.1444,0.3,,0.06014,,1787404306495,,1.421,,,,,,,MEXC above DEX anchor,
OPEN,550c9713-a91d-4cbf-a519-520ce9394a43,JIMOTHY_USDT,SHORT,OPEN,2026-08-22T13:12:26.473Z,,0.012665,,BID,0.012665,0.0127,0.276,,,,,28.54,2253.71654165,95.1444,0.3,,0.01251,,1787404344515,,1.224,,,,,,,MEXC above DEX anchor,
CLOSE,3e13e845-555d-40ae-9bee-1e58bc548e6f,CATE_USDT,SHORT,CLOSED,2026-08-22T13:11:47.365Z,2026-08-22T13:15:52.063Z,0.061007,0.0605,BID,0.061007,0.061174,0.273,ASK,0.060492,0.0605,0.013224014810898346,28.54,467.86958874,95.1444,0.3,95.3473,0.06014,0.06107,1787404306495,1787404550249,1.421,-0.9555,0.8311,0.7111,0.2372,0.2029,244698,MEXC above DEX anchor,mean_reverted_profit
CLOSE,550c9713-a91d-4cbf-a519-520ce9394a43,JIMOTHY_USDT,SHORT,CLOSED,2026-08-22T13:12:26.473Z,2026-08-22T13:17:13.528Z,0.012665,0.012551,BID,0.012665,0.0127,0.276,ASK,0.012637,0.012675,0.30025284450063083,28.54,2253.71654165,95.1444,0.3,95.571,0.01251,0.01235,1787404344515,1787404632656,1.224,2.2711,0.9038,0.7838,0.2579,0.2237,287055,MEXC above DEX anchor,trailing_stop
OPEN,55553a63-ec78-49c6-90b5-9ece278bfe66,CATE_USDT,SHORT,OPEN,2026-08-22T13:22:41.331Z,,0.060748,,BID,0.060748,0.060776,0.046,,,,,28.67,471.9710937,95.571,0.3,,0.06,,1787404960805,,1.231,,,,,,,MEXC above DEX anchor,
OPEN,8e2f2169-15f1-4857-8adc-b6b69a837493,JIMOTHY_USDT,SHORT,OPEN,2026-08-22T13:23:44.569Z,,0.012525,,BID,0.012525,0.01255,0.199,,,,,28.67,2289.1257485,95.571,0.3,,0.01237,,1787405022829,,1.238,,,,,,,MEXC above DEX anchor,
CLOSE,55553a63-ec78-49c6-90b5-9ece278bfe66,CATE_USDT,SHORT,CLOSED,2026-08-22T13:22:41.331Z,2026-08-22T13:24:06.046Z,0.060748,0.060465,BID,0.060748,0.060776,0.046,ASK,0.060245,0.060465,0.36450998260292927,28.67,471.9710937,95.571,0.3,95.6702,0.06,0.06089,1787404960805,1787405044838,1.231,-1.0706,0.4659,0.3459,0.1336,0.0992,84715,MEXC above DEX anchor,mean_reverted_profit
OPEN,f6df93f5-c888-4277-bf78-eeaa64f64de4,BTW_USDT,SHORT,OPEN,2026-08-22T13:29:39.778Z,,0.44229,,BID,0.44229,0.4424,0.025,,,,,28.7,64.89194872,95.6702,0.3,,0.4356,,1787405379071,,1.513,,,,,,,MEXC above DEX anchor,
CLOSE,f6df93f5-c888-4277-bf78-eeaa64f64de4,BTW_USDT,SHORT,CLOSED,2026-08-22T13:29:39.778Z,2026-08-22T13:30:06.226Z,0.44229,0.441199,BID,0.44229,0.4424,0.025,ASK,0.44166,0.44195,0.06563981847195312,28.7,64.89194872,95.6702,0.3,95.7066,0.4356,0.4445,1787405379071,1787405405101,1.513,-0.643,0.2467,0.1267,0.0708,0.0364,26448,MEXC above DEX anchor,trailing_stop
OPEN,dd1b3737-4b0f-438b-b164-e95b6239c697,MARSCOIN_USDT,SHORT,OPEN,2026-08-22T13:31:04.789Z,,0.03212,,BID,0.03212,0.03223,0.342,,,,,28.71,893.89726027,95.7066,0.3,,0.03171,,1787405463125,,1.276,,,,,,,MEXC above DEX anchor,
CLOSE,8e2f2169-15f1-4857-8adc-b6b69a837493,JIMOTHY_USDT,SHORT,CLOSED,2026-08-22T13:23:44.569Z,2026-08-22T13:35:38.440Z,0.012525,0.012424,BID,0.012525,0.01255,0.199,ASK,0.012375,0.012425,0.40322580645161044,28.67,2289.1257485,95.571,0.3,95.9024,0.01237,0.01229,1787405022829,1787405737141,1.238,0.6869,0.8031,0.6831,0.2302,0.1958,713871,MEXC above DEX anchor,trailing_stop
CLOSE,dd1b3737-4b0f-438b-b164-e95b6239c697,MARSCOIN_USDT,SHORT,CLOSED,2026-08-22T13:31:04.789Z,2026-08-22T13:35:54.517Z,0.03212,0.0319,BID,0.03212,0.03223,0.342,ASK,0.03175,0.0319,0.47132757266299247,28.71,893.89726027,95.7066,0.3,96.0646,0.03171,0.03172,1787405463125,1787405753250,1.276,0.0945,0.6849,0.5649,0.1966,0.1622,289728,MEXC above DEX anchor,mean_reverted_profit
OPEN,ed74dbb9-f0b7-41b8-aa07-c1af9b1e2a20,JIMOTHY_USDT,SHORT,OPEN,2026-08-22T13:38:41.491Z,,0.01244,,BID,0.01244,0.012475,0.281,,,,,28.82,2316.67041801,96.0646,0.3,,0.01226,,1787405921208,,1.447,,,,,,,MEXC above DEX anchor,
CLOSE,ed74dbb9-f0b7-41b8-aa07-c1af9b1e2a20,JIMOTHY_USDT,SHORT,CLOSED,2026-08-22T13:38:41.491Z,2026-08-22T13:46:42.075Z,0.01244,0.0123,BID,0.01244,0.012475,0.281,ASK,0.01225,0.0123,0.407331975560079,28.82,2316.67041801,96.0646,0.3,96.3544,0.01226,0.01223,1787405921208,1787406401414,1.447,0.1633,1.1254,1.0054,0.3243,0.2898,480584,MEXC above DEX anchor,mean_reverted_profit
OPEN,c7f99ad0-1d6e-4c33-aae6-d341d3e3cad0,CTR_USDT,SHORT,OPEN,2026-08-22T13:49:20.772Z,,0.008295,,BID,0.008295,0.008312,0.205,,,,,28.91,3484.78842676,96.3544,0.3,,0.008187,,1787406559573,,1.302,,,,,,,MEXC above DEX anchor,
CLOSE,c7f99ad0-1d6e-4c33-aae6-d341d3e3cad0,CTR_USDT,SHORT,CLOSED,2026-08-22T13:49:20.772Z,2026-08-22T13:50:32.159Z,0.008295,0.00828,BID,0.008295,0.008312,0.205,ASK,0.008266,0.00828,0.16922519037831973,28.91,3484.78842676,96.3544,0.3,96.372,0.008187,0.00828,1787406559573,1787406631247,1.302,-0.1694,0.1808,0.0608,0.0523,0.0176,71387,MEXC above DEX anchor,mean_reverted_profit
OPEN,c626e4c0-7f24-46d8-8a80-429c90f1c838,JIMOTHY_USDT,SHORT,OPEN,2026-08-22T13:50:58.444Z,,0.011525,,BID,0.011525,0.01155,0.217,,,,,28.91,2508.59869848,96.372,0.3,,0.01135,,1787406657549,,1.518,,,,,,,MEXC above DEX anchor,
OPEN,615b3083-362a-425c-a071-3bd3257ad07c,CATE_USDT,LONG,OPEN,2026-08-22T13:51:22.696Z,,0.0636,,ASK,0.063434,0.0636,0.261,,,,,28.91,454.58490566,96.372,0.3,,0.06458,,1787406681534,,1.541,,,,,,,MEXC below DEX anchor,
CLOSE,615b3083-362a-425c-a071-3bd3257ad07c,CATE_USDT,LONG,CLOSED,2026-08-22T13:51:22.696Z,2026-08-22T13:51:54.442Z,0.0636,0.0644,ASK,0.063434,0.0636,0.261,BID,0.0644,0.064576,0.27291899268080205,28.91,454.58490566,96.372,0.3,96.701,0.06458,0.06456,1787406681534,1787406713550,1.541,-0.0248,1.2579,1.1379,0.3636,0.329,31746,MEXC below DEX anchor,mean_reverted_profit
CLOSE,c626e4c0-7f24-46d8-8a80-429c90f1c838,JIMOTHY_USDT,SHORT,CLOSED,2026-08-22T13:50:58.444Z,2026-08-22T13:53:13.446Z,0.011525,0.011744,BID,0.011525,0.01155,0.217,ASK,0.0118,0.011836,0.30462007107801303,28.91,2508.59869848,96.372,0.3,96.1176,0.01135,0.01141,1787406657549,1787406790879,1.518,3.3051,-1.8979,-2.0179,-0.5487,-0.5834,135002,MEXC above DEX anchor,stop_loss
OPEN,777ccd10-a945-4724-b0f8-a382199faf20,BTW_USDT,SHORT,OPEN,2026-08-22T13:55:49.341Z,,0.42331,,BID,0.42331,0.42341,0.024,,,,,28.84,68.11858921,96.1176,0.3,,0.4178,,1787406947778,,1.302,,,,,,,MEXC above DEX anchor,
CLOSE,777ccd10-a945-4724-b0f8-a382199faf20,BTW_USDT,SHORT,CLOSED,2026-08-22T13:55:49.341Z,2026-08-22T14:01:03.685Z,0.42331,0.431361,BID,0.42331,0.42341,0.024,ASK,0.4312,0.43132,0.02782544172887666,28.84,68.11858921,96.1176,0.3,95.5345,0.4178,0.428,1787406947778,1787407261890,1.302,0.7421,-1.9019,-2.0219,-0.5485,-0.5831,314344,MEXC above DEX anchor,stop_loss
OPEN,036d6ce9-7637-432e-81c2-bbb839b9dccc,CATE_USDT,LONG,OPEN,2026-08-22T14:02:34.067Z,,0.062995,,ASK,0.0628,0.062995,0.31,,,,,28.66,454.9622986,95.5345,0.3,,0.06396,,1787407353879,,1.532,,,,,,,MEXC below DEX anchor,
CLOSE,036d6ce9-7637-432e-81c2-bbb839b9dccc,CATE_USDT,LONG,CLOSED,2026-08-22T14:02:34.067Z,2026-08-22T14:11:51.708Z,0.062995,0.063403,ASK,0.0628,0.062995,0.31,BID,0.063099,0.0634,0.4758930900639463,28.66,454.9622986,95.5345,0.3,95.6855,0.06396,0.06601,1787407353879,1787407910508,1.532,4.1167,0.6469,0.5269,0.1854,0.151,557641,MEXC below DEX anchor,trailing_stop
OPEN,81d3388b-b18a-4351-998e-98722c01fc83,CATE_USDT,LONG,OPEN,2026-08-22T14:12:31.281Z,,0.063098,,ASK,0.062957,0.063098,0.224,,,,,28.71,454.93755745,95.6855,0.3,,0.06472,,1787407950106,,2.571,,,,,,,MEXC below DEX anchor,
CLOSE,81d3388b-b18a-4351-998e-98722c01fc83,CATE_USDT,LONG,CLOSED,2026-08-22T14:12:31.281Z,2026-08-22T14:14:33.325Z,0.063098,0.0619,ASK,0.062957,0.063098,0.224,BID,0.061927,0.062003,0.12264988299846634,28.71,454.93755745,95.6855,0.3,95.106,0.06472,0.06441,1787407950106,1787408071280,2.571,3.8821,-1.8986,-2.0186,-0.5451,-0.5795,122044,MEXC below DEX anchor,stop_loss
OPEN,b5289d53-d8a6-466d-b4a5-182e780c849e,JIMOTHY_USDT,SHORT,OPEN,2026-08-22T14:15:44.555Z,,0.011475,,BID,0.011475,0.011499,0.209,,,,,28.53,2486.43137255,95.106,0.3,,0.01127,,1787408144214,,1.786,,,,,,,MEXC above DEX anchor,
CLOSE,b5289d53-d8a6-466d-b4a5-182e780c849e,JIMOTHY_USDT,SHORT,CLOSED,2026-08-22T14:15:44.555Z,2026-08-22T14:19:11.001Z,0.011475,0.011275,BID,0.011475,0.011499,0.209,ASK,0.011225,0.011275,0.44444444444444176,28.53,2486.43137255,95.106,0.3,95.569,0.01127,0.01121,1787408144214,1787408350290,1.786,0.1336,1.7429,1.6229,0.4973,0.463,206446,MEXC above DEX anchor,mean_reverted_profit
